-- phpMyAdmin SQL Dump
-- version 5.2.1
-- https://www.phpmyadmin.net/
--
-- Host: db
-- Generation Time: Jan 17, 2025 at 07:22 AM
-- Server version: 11.6.2-MariaDB-ubu2404
-- PHP Version: 8.2.8

SET SQL_MODE = "NO_AUTO_VALUE_ON_ZERO";
START TRANSACTION;
SET time_zone = "+00:00";


/*!40101 SET @OLD_CHARACTER_SET_CLIENT=@@CHARACTER_SET_CLIENT */;
/*!40101 SET @OLD_CHARACTER_SET_RESULTS=@@CHARACTER_SET_RESULTS */;
/*!40101 SET @OLD_COLLATION_CONNECTION=@@COLLATION_CONNECTION */;
/*!40101 SET NAMES utf8mb4 */;

--
-- Database: `ministry`
--

-- --------------------------------------------------------

--
-- Table structure for table `admin`
--

CREATE TABLE `admin` (
  `a_id` int(11) NOT NULL,
  `a_username` varchar(255) NOT NULL,
  `a_password` varchar(255) NOT NULL,
  `a_name` varchar(255) NOT NULL,
  `a_status` int(11) NOT NULL
) ENGINE=InnoDB DEFAULT CHARSET=utf8mb3 COLLATE=utf8mb3_general_ci;

--
-- Dumping data for table `admin`
--

INSERT INTO `admin` (`a_id`, `a_username`, `a_password`, `a_name`, `a_status`) VALUES
(1, 'admin', 'MEM1234', 'ADMIN', 1);

-- --------------------------------------------------------

--
-- Table structure for table `member`
--

CREATE TABLE `member` (
  `m_id` int(11) NOT NULL,
  `m_username` varchar(255) NOT NULL,
  `m_password` varchar(255) NOT NULL,
  `m_status` int(11) NOT NULL
) ENGINE=InnoDB DEFAULT CHARSET=utf8mb3 COLLATE=utf8mb3_general_ci;

--
-- Dumping data for table `member`
--

INSERT INTO `member` (`m_id`, `m_username`, `m_password`, `m_status`) VALUES
(1, '01', '123', 1),
(2, '02', '123', 1),
(3, '03', '123', 1),
(4, '04', '123', 1),
(5, '05', '123', 1),
(6, '06', '123', 1),
(7, '07', '123', 1),
(8, '08', '123', 1),
(9, '09', '123', 1),
(10, '10', '123', 1);

-- --------------------------------------------------------

--
-- Table structure for table `newcandidate`
--

CREATE TABLE `newcandidate` (
  `nc_id` int(11) NOT NULL,
  `nc_name` varchar(255) NOT NULL,
  `tribe` varchar(255) NOT NULL,
  `theory` varchar(255) NOT NULL,
  `nc_age` int(11) NOT NULL,
  `nc_phak` varchar(255) NOT NULL,
  `nc_lat` varchar(255) NOT NULL,
  `nc_women` varchar(255) NOT NULL,
  `nc_part` varchar(255) NOT NULL,
  `nc_reason` varchar(255) NOT NULL,
  `nc_pic` varchar(255) NOT NULL
) ENGINE=InnoDB DEFAULT CHARSET=utf8mb3 COLLATE=utf8mb3_general_ci;

--
-- Dumping data for table `newcandidate`
--

INSERT INTO `newcandidate` (`nc_id`, `nc_name`, `tribe`, `theory`, `nc_age`, `nc_phak`, `nc_lat`, `nc_women`, `nc_part`, `nc_reason`, `nc_pic`) VALUES
(1, 'ສ/ນ ໂຄຕະມີ ຈັນທະມາລິນ', 'ລລ', 'ຂັ້ນສູງ', 45, 'ຮອງເລຂາໜ່ວຍ', 'ຮັກສາການຫົວໜ້າກົມ', 'ຮ. ປະທານ ສຍ ກະຊວງ, ປະທານກວດກາ', 'ກົມແຜນການ ແລະ ການຮວມມື', '​ປ ໂທ', '2501161413321680.jpg'),
(2, 'ສ/ນ ຈັນມາລາ ເພັດລຳພັນ', 'ລລ', 'ຂັ້ນສູງ', 46, 'ຄະນະໜ່ວຍພັກ,ປະທານກວດກາ', 'ຮອງຫົວໜ້າກົມ', 'ຄະນະບໍລິຫານງານ', 'ກົມທູລະກິດພະລັງງານ', '​ປ ໂທ', '2501161413469679.jpg'),
(3, 'ສ/ນ ຂັນແກ້ວ ແກ້ວນາມມະວົງ', 'ລລ', 'ຂັ້ນສູງ', 47, 'ສະມາຊິກ', 'ຮອງຫົວໜ້າກົມ', 'ຄະນະບໍລິຫານງານ', 'ກົມຄຸ້ມຄອງພະລັງງານ', '​ປ ໂທ', '2501161413553571.jpg'),
(4, 'ສ/ນ ໂພຄິນ ອັບໄພ', 'ລລ', '45 ວັນ', 53, 'ປະທານກວດກາ', 'ຜູ້ອຳນວຍການຝ່າຍ', 'ຄະນະບໍລິຫານງານ', 'ບໍລິສັດໄຟຟ້າຜະລິດມະຫາຊົນ', '​ປ ໂທ', '2501161414049504.jpg'),
(5, 'ສ/ນ ພຸດທະສອນ ປັນຍານຸວົງ', 'ລລ', 'ຂັ້ນສູງ', 41, 'ສະມາຊິກ', 'ຫົວໜ້າພະແນກ', 'ຮ. ປະທານກວດກາ', 'ກົມຈັດຕັ້ງ ແລະ ພະນັກງານ', '​ປ ໂທ', '2501161414175094.jpg'),
(6, 'ສ/ນ ຫວິງຄຳ ວົງແສງເດືອນ ', 'ລລ', '45 ວັນ', 55, 'ຮອງເລຂາໜ່ວຍ', 'ຮອງຫົວໜ້າຝ່າຍ', 'ຄະນະບໍລິຫານງານ', 'ລັດວິສາຫະກິດໄຟຟ້າລາວ', '​ປ ໂທ', '250116141427213.jpg'),
(7, 'ສ/ນ ມະລີວັນ ພົງໄຊ', 'ລລ', '46 ວັນ', 48, 'ສະມາຊິກ', 'ຫົວໜ້າພະແນກ', 'ຄະນະບໍລິຫານງານ', 'ກົມທໍລະນີສາດ ແລະແຮ່ທາດ', '​ປ ໂທ', '2501161414372134.jpg'),
(8, 'ສ/ນ ອຸໄລພອນ ຈັນທະລາ', 'ລລ', '45 ວັນ', 44, 'ສະມາຊິກ', 'ຫົວໜ້າພະແນກ', 'ຄະນະບໍລິຫານງານ', 'ກົມນະໂຍບາຍ ແລະ ແຜນພະລັງງານ', '​ປ ໂທ', '2501161414471713.jpg'),
(9, 'ສ/ນ. ອຳວຽງ ເພົ້າວົງໄຊ', 'ລລ', 'ຂັ້ນສູງ', 44, 'ສະມາຊິກ', 'ຮອງຫົວໜ້າກົມ', 'ປະທານໜ່ວຍ ກຄຮ', 'ກົມຄູ້ມຄອງບໍ່ແຮ່', '​ປ ໂທ', '2501161404049195.jpg'),
(10, 'ສ/ນ ມາລີວັນ ພົມແສງສະຫວັນ', 'ລລ', '45 ວັນ', 41, 'ສະມາຊິກ', 'ຮ. ຫົວໜ້າກົມ', 'ປະທານໜ່ວຍ ກຜຮ', 'ກົມແຜນການ ແລະ ການຮ່ວມມື', '​ປ ໂທ', '2501161414595418.jpg'),
(11, 'ສນ ສັນຄະນິງ ດາຣາວົງ', 'ລລ', '45 ວັນ', 34, 'ສະມາຊິກ', 'ຮອງຫົວໜ້າກົມ', 'ປະທານໜ່ວຍ ກຈພ', 'ກົມຈັດຕັ້ງ ແລະ ພະນັກງານ', '​ປ ໂທ', '2501161405006612.jpg'),
(12, 'ສ/ນ ທິບພະຈັນ ໄຊທະນາສີ', 'ລລ', '45 ວັນ', 43, 'ຮອງເລຂາ', 'ຮອງຫົວໜ້າຝ່າຍ', 'ປະທານໜ່ວຍ ຟຟລ', 'ລັດວິສາຫະກິດ ໄຟຟ້າລາວ', '​ປ ໂທ', '250116140514405.jpg'),
(13, 'ສ/ນ ສາລີ້ ແອງມະນີ', 'ລລ', '45 ວັນ', 39, 'ສະມາຊິກ', 'ຫ/ໜພະແນກ', 'ປະທານ ກສປພ', 'ກົມສົງເສີມ ແລະ ປະຍັດພະລັງງານ', '​ປ ໂທ', '2501161405264555.jpg'),
(14, 'ສ/ນ ມະນີພອນ ແກ້ວບຸນຄຳ', 'ລລ', '45 ວັນ', 43, 'ສະມາຊິກ', 'ຮ. ຫົວໜ້າພະແນກ', 'ປະທານໜ່ວຍຫ້ອງການ', 'ຫ້ອງການກະຊວງ', '​ປ ໂທ', '2501161405382389.jpg'),
(15, 'ສ/ນ ພະທຸມວັນ ສຸລິຍະ', 'ລລ', '45 ວັນ', 41, 'ສະມາຊິກ', 'ຫົວໜ້າພະແນກ', 'ປະທານໜ່ວຍ ກກ', 'ກົມກວດກາ', 'ປ ຕີ', '2501161405518012.jpg'),
(16, 'ສ/ນ ລັກສະນະ ສຸດທິພົງ', 'ລລ', '', 48, 'ສະມາຊິກ', 'ຫົວໜ້າໜ່ວຍງານ', 'ປະທານໜ່ວຍ ລຮລ', 'ລັດວິສາຫະກິດຖືຮູ້ນລາວ', '​ປ ໂທ', '2501161406021624.jpg'),
(17, 'ສ/ນ ນົກນ້ອຍ ຈັນທະລາສີ', 'ລລ', '45 ວັນ', 43, 'ສະມາຊິກ', 'ຮອງຫົວໜ້າຫ້ອງການ', 'ປະທານໜ່ວຍ ກຕຟ', 'ລັດວີສາຫະກິດກໍ່ສ້າງ ແລະ ຕີດຕັ້ງໄຟຟ້າ', 'ປ ຕີ', '2501161406151738.jpg'),
(18, 'ສ/ນ ມະນີໄລ ສຸວັນນະລາດ', 'ລລ', '45 ວັນ', 45, 'ສະມາຊິກ', 'ຮອງຫົວຫ້ອງການ', 'ປະທານໜ່ວຍ ພຮລ', 'ລັດວິສາຫະກິດພັດທະນາແຮ່ທາດລາວ', '​ປ ໂທ', '2501161406263408.jpg'),
(19, 'ສ/ນ ຄຳຄູນ ປານປັນຍາ', 'ລລ', '45 ວັນ', 37, 'ສະມາຊິກ', 'ຮອງຫົວໜ້າພະແນກ', 'ປະທານໜ່ວຍ ກປພ', 'ກົມຄູ້ມຄອງປອດໄຟອູດສາຫະກຳພະລັງງານ', 'ປ ຕີ', '2501161406369268.jpg'),
(20, 'ສ/ນ ມະນີແກ້ວ ໜໍ່ສັກປະເສີດ ', 'ລລ', '45 ວັນ', 37, 'ສະມາຊິກ', 'ຮອງຫົວໜ້າສູນ', 'ປະທານໜ່ວຍ ສພບ', 'ສະຖາບັນຄົ້ນຄວ້າພະລັງງານ ແລະບໍ່ແຮ່', '​ປ ໂທ', '2501161406465060.jpg');

-- --------------------------------------------------------

--
-- Table structure for table `nscore`
--

CREATE TABLE `nscore` (
  `nsc_id` int(11) NOT NULL,
  `m_id` int(11) NOT NULL,
  `s_no` varchar(255) NOT NULL,
  `nc_id` int(11) NOT NULL,
  `nsc_result` int(11) NOT NULL
) ENGINE=InnoDB DEFAULT CHARSET=utf8mb3 COLLATE=utf8mb3_general_ci;

--
-- Dumping data for table `nscore`
--

INSERT INTO `nscore` (`nsc_id`, `m_id`, `s_no`, `nc_id`, `nsc_result`) VALUES
(1, 6, '134', 3, 0),
(2, 6, '134', 6, 0),
(3, 6, '134', 14, 0),
(4, 6, '134', 1, 1),
(5, 6, '134', 2, 1),
(6, 6, '134', 4, 1),
(7, 6, '134', 5, 1),
(8, 6, '134', 7, 1),
(9, 6, '134', 8, 1),
(10, 6, '134', 9, 1),
(11, 6, '134', 10, 1),
(12, 6, '134', 11, 1),
(13, 6, '134', 12, 1),
(14, 6, '134', 13, 1),
(15, 6, '134', 15, 1),
(16, 6, '134', 16, 1),
(17, 6, '134', 17, 1),
(18, 6, '134', 18, 1),
(19, 6, '134', 19, 1),
(20, 6, '134', 20, 1),
(21, 2, '004', 5, 0),
(22, 2, '004', 8, 0),
(23, 2, '004', 16, 0),
(24, 2, '004', 1, 1),
(25, 2, '004', 2, 1),
(26, 2, '004', 3, 1),
(27, 2, '004', 4, 1),
(28, 2, '004', 6, 1),
(29, 2, '004', 7, 1),
(30, 2, '004', 9, 1),
(31, 2, '004', 10, 1),
(32, 2, '004', 11, 1),
(33, 2, '004', 12, 1),
(34, 2, '004', 13, 1),
(35, 2, '004', 14, 1),
(36, 2, '004', 15, 1),
(37, 2, '004', 17, 1),
(38, 2, '004', 18, 1),
(39, 2, '004', 19, 1),
(40, 2, '004', 20, 1),
(41, 4, '047', 5, 0),
(42, 4, '047', 15, 0),
(43, 4, '047', 18, 0),
(44, 4, '047', 1, 1),
(45, 4, '047', 2, 1),
(46, 4, '047', 3, 1),
(47, 4, '047', 4, 1),
(48, 4, '047', 6, 1),
(49, 4, '047', 7, 1),
(50, 4, '047', 8, 1),
(51, 4, '047', 9, 1),
(52, 4, '047', 10, 1),
(53, 4, '047', 11, 1),
(54, 4, '047', 12, 1),
(55, 4, '047', 13, 1),
(56, 4, '047', 14, 1),
(57, 4, '047', 16, 1),
(58, 4, '047', 17, 1),
(59, 4, '047', 19, 1),
(60, 4, '047', 20, 1),
(61, 5, '024', 5, 0),
(62, 5, '024', 10, 0),
(63, 5, '024', 14, 0),
(64, 5, '024', 1, 1),
(65, 5, '024', 2, 1),
(66, 5, '024', 3, 1),
(67, 5, '024', 4, 1),
(68, 5, '024', 6, 1),
(69, 5, '024', 7, 1),
(70, 5, '024', 8, 1),
(71, 5, '024', 9, 1),
(72, 5, '024', 11, 1),
(73, 5, '024', 12, 1),
(74, 5, '024', 13, 1),
(75, 5, '024', 15, 1),
(76, 5, '024', 16, 1),
(77, 5, '024', 17, 1),
(78, 5, '024', 18, 1),
(79, 5, '024', 19, 1),
(80, 5, '024', 20, 1),
(81, 2, '152', 11, 0),
(82, 2, '152', 13, 0),
(83, 2, '152', 16, 0),
(84, 2, '152', 1, 1),
(85, 2, '152', 2, 1),
(86, 2, '152', 3, 1),
(87, 2, '152', 4, 1),
(88, 2, '152', 5, 1),
(89, 2, '152', 6, 1),
(90, 2, '152', 7, 1),
(91, 2, '152', 8, 1),
(92, 2, '152', 9, 1),
(93, 2, '152', 10, 1),
(94, 2, '152', 12, 1),
(95, 2, '152', 14, 1),
(96, 2, '152', 15, 1),
(97, 2, '152', 17, 1),
(98, 2, '152', 18, 1),
(99, 2, '152', 19, 1),
(100, 2, '152', 20, 1),
(101, 6, '075', 11, 0),
(102, 6, '075', 19, 0),
(103, 6, '075', 20, 0),
(104, 6, '075', 1, 1),
(105, 6, '075', 2, 1),
(106, 6, '075', 3, 1),
(107, 6, '075', 4, 1),
(108, 6, '075', 5, 1),
(109, 6, '075', 6, 1),
(110, 6, '075', 7, 1),
(111, 6, '075', 8, 1),
(112, 6, '075', 9, 1),
(113, 6, '075', 10, 1),
(114, 6, '075', 12, 1),
(115, 6, '075', 13, 1),
(116, 6, '075', 14, 1),
(117, 6, '075', 15, 1),
(118, 6, '075', 16, 1),
(119, 6, '075', 17, 1),
(120, 6, '075', 18, 1),
(121, 2, '023', 6, 0),
(122, 2, '023', 16, 0),
(123, 2, '023', 20, 0),
(124, 2, '023', 1, 1),
(125, 2, '023', 2, 1),
(126, 2, '023', 3, 1),
(127, 2, '023', 4, 1),
(128, 2, '023', 5, 1),
(129, 2, '023', 7, 1),
(130, 2, '023', 8, 1),
(131, 2, '023', 9, 1),
(132, 2, '023', 10, 1),
(133, 2, '023', 11, 1),
(134, 2, '023', 12, 1),
(135, 2, '023', 13, 1),
(136, 2, '023', 14, 1),
(137, 2, '023', 15, 1),
(138, 2, '023', 17, 1),
(139, 2, '023', 18, 1),
(140, 2, '023', 19, 1),
(141, 5, '170', 12, 0),
(142, 5, '170', 13, 0),
(143, 5, '170', 19, 0),
(144, 5, '170', 1, 1),
(145, 5, '170', 2, 1),
(146, 5, '170', 3, 1),
(147, 5, '170', 4, 1),
(148, 5, '170', 5, 1),
(149, 5, '170', 6, 1),
(150, 5, '170', 7, 1),
(151, 5, '170', 8, 1),
(152, 5, '170', 9, 1),
(153, 5, '170', 10, 1),
(154, 5, '170', 11, 1),
(155, 5, '170', 14, 1),
(156, 5, '170', 15, 1),
(157, 5, '170', 16, 1),
(158, 5, '170', 17, 1),
(159, 5, '170', 18, 1),
(160, 5, '170', 20, 1),
(161, 4, '155', 5, 0),
(162, 4, '155', 11, 0),
(163, 4, '155', 19, 0),
(164, 4, '155', 1, 1),
(165, 4, '155', 2, 1),
(166, 4, '155', 3, 1),
(167, 4, '155', 4, 1),
(168, 4, '155', 6, 1),
(169, 4, '155', 7, 1),
(170, 4, '155', 8, 1),
(171, 4, '155', 9, 1),
(172, 4, '155', 10, 1),
(173, 4, '155', 12, 1),
(174, 4, '155', 13, 1),
(175, 4, '155', 14, 1),
(176, 4, '155', 15, 1),
(177, 4, '155', 16, 1),
(178, 4, '155', 17, 1),
(179, 4, '155', 18, 1),
(180, 4, '155', 20, 1),
(181, 6, '069', 5, 0),
(182, 6, '069', 6, 0),
(183, 6, '069', 16, 0),
(184, 6, '069', 1, 1),
(185, 6, '069', 2, 1),
(186, 6, '069', 3, 1),
(187, 6, '069', 4, 1),
(188, 6, '069', 7, 1),
(189, 6, '069', 8, 1),
(190, 6, '069', 9, 1),
(191, 6, '069', 10, 1),
(192, 6, '069', 11, 1),
(193, 6, '069', 12, 1),
(194, 6, '069', 13, 1),
(195, 6, '069', 14, 1),
(196, 6, '069', 15, 1),
(197, 6, '069', 17, 1),
(198, 6, '069', 18, 1),
(199, 6, '069', 19, 1),
(200, 6, '069', 20, 1),
(201, 2, '164', 3, 0),
(202, 2, '164', 18, 0),
(203, 2, '164', 20, 0),
(204, 2, '164', 1, 1),
(205, 2, '164', 2, 1),
(206, 2, '164', 4, 1),
(207, 2, '164', 5, 1),
(208, 2, '164', 6, 1),
(209, 2, '164', 7, 1),
(210, 2, '164', 8, 1),
(211, 2, '164', 9, 1),
(212, 2, '164', 10, 1),
(213, 2, '164', 11, 1),
(214, 2, '164', 12, 1),
(215, 2, '164', 13, 1),
(216, 2, '164', 14, 1),
(217, 2, '164', 15, 1),
(218, 2, '164', 16, 1),
(219, 2, '164', 17, 1),
(220, 2, '164', 19, 1),
(221, 4, '014', 6, 0),
(222, 4, '014', 17, 0),
(223, 4, '014', 20, 0),
(224, 4, '014', 1, 1),
(225, 4, '014', 2, 1),
(226, 4, '014', 3, 1),
(227, 4, '014', 4, 1),
(228, 4, '014', 5, 1),
(229, 4, '014', 7, 1),
(230, 4, '014', 8, 1),
(231, 4, '014', 9, 1),
(232, 4, '014', 10, 1),
(233, 4, '014', 11, 1),
(234, 4, '014', 12, 1),
(235, 4, '014', 13, 1),
(236, 4, '014', 14, 1),
(237, 4, '014', 15, 1),
(238, 4, '014', 16, 1),
(239, 4, '014', 18, 1),
(240, 4, '014', 19, 1),
(241, 5, '048', 5, 0),
(242, 5, '048', 15, 0),
(243, 5, '048', 18, 0),
(244, 5, '048', 1, 1),
(245, 5, '048', 2, 1),
(246, 5, '048', 3, 1),
(247, 5, '048', 4, 1),
(248, 5, '048', 6, 1),
(249, 5, '048', 7, 1),
(250, 5, '048', 8, 1),
(251, 5, '048', 9, 1),
(252, 5, '048', 10, 1),
(253, 5, '048', 11, 1),
(254, 5, '048', 12, 1),
(255, 5, '048', 13, 1),
(256, 5, '048', 14, 1),
(257, 5, '048', 16, 1),
(258, 5, '048', 17, 1),
(259, 5, '048', 19, 1),
(260, 5, '048', 20, 1),
(261, 6, '068', 5, 0),
(262, 6, '068', 6, 0),
(263, 6, '068', 16, 0),
(264, 6, '068', 1, 1),
(265, 6, '068', 2, 1),
(266, 6, '068', 3, 1),
(267, 6, '068', 4, 1),
(268, 6, '068', 7, 1),
(269, 6, '068', 8, 1),
(270, 6, '068', 9, 1),
(271, 6, '068', 10, 1),
(272, 6, '068', 11, 1),
(273, 6, '068', 12, 1),
(274, 6, '068', 13, 1),
(275, 6, '068', 14, 1),
(276, 6, '068', 15, 1),
(277, 6, '068', 17, 1),
(278, 6, '068', 18, 1),
(279, 6, '068', 19, 1),
(280, 6, '068', 20, 1),
(281, 4, '153', 4, 0),
(282, 4, '153', 11, 0),
(283, 4, '153', 16, 0),
(284, 4, '153', 1, 1),
(285, 4, '153', 2, 1),
(286, 4, '153', 3, 1),
(287, 4, '153', 5, 1),
(288, 4, '153', 6, 1),
(289, 4, '153', 7, 1),
(290, 4, '153', 8, 1),
(291, 4, '153', 9, 1),
(292, 4, '153', 10, 1),
(293, 4, '153', 12, 1),
(294, 4, '153', 13, 1),
(295, 4, '153', 14, 1),
(296, 4, '153', 15, 1),
(297, 4, '153', 17, 1),
(298, 4, '153', 18, 1),
(299, 4, '153', 19, 1),
(300, 4, '153', 20, 1),
(301, 5, '169', 2, 0),
(302, 5, '169', 4, 0),
(303, 5, '169', 6, 0),
(304, 5, '169', 1, 1),
(305, 5, '169', 3, 1),
(306, 5, '169', 5, 1),
(307, 5, '169', 7, 1),
(308, 5, '169', 8, 1),
(309, 5, '169', 9, 1),
(310, 5, '169', 10, 1),
(311, 5, '169', 11, 1),
(312, 5, '169', 12, 1),
(313, 5, '169', 13, 1),
(314, 5, '169', 14, 1),
(315, 5, '169', 15, 1),
(316, 5, '169', 16, 1),
(317, 5, '169', 17, 1),
(318, 5, '169', 18, 1),
(319, 5, '169', 19, 1),
(320, 5, '169', 20, 1),
(321, 2, '077', 1, 0),
(322, 2, '077', 5, 0),
(323, 2, '077', 7, 0),
(324, 2, '077', 2, 1),
(325, 2, '077', 3, 1),
(326, 2, '077', 4, 1),
(327, 2, '077', 6, 1),
(328, 2, '077', 8, 1),
(329, 2, '077', 9, 1),
(330, 2, '077', 10, 1),
(331, 2, '077', 11, 1),
(332, 2, '077', 12, 1),
(333, 2, '077', 13, 1),
(334, 2, '077', 14, 1),
(335, 2, '077', 15, 1),
(336, 2, '077', 16, 1),
(337, 2, '077', 17, 1),
(338, 2, '077', 18, 1),
(339, 2, '077', 19, 1),
(340, 2, '077', 20, 1),
(341, 2, '079', 4, 0),
(342, 2, '079', 6, 0),
(343, 2, '079', 18, 0),
(344, 2, '079', 1, 1),
(345, 2, '079', 2, 1),
(346, 2, '079', 3, 1),
(347, 2, '079', 5, 1),
(348, 2, '079', 7, 1),
(349, 2, '079', 8, 1),
(350, 2, '079', 9, 1),
(351, 2, '079', 10, 1),
(352, 2, '079', 11, 1),
(353, 2, '079', 12, 1),
(354, 2, '079', 13, 1),
(355, 2, '079', 14, 1),
(356, 2, '079', 15, 1),
(357, 2, '079', 16, 1),
(358, 2, '079', 17, 1),
(359, 2, '079', 19, 1),
(360, 2, '079', 20, 1),
(361, 5, '154', 16, 0),
(362, 5, '154', 18, 0),
(363, 5, '154', 20, 0),
(364, 5, '154', 1, 1),
(365, 5, '154', 2, 1),
(366, 5, '154', 3, 1),
(367, 5, '154', 4, 1),
(368, 5, '154', 5, 1),
(369, 5, '154', 6, 1),
(370, 5, '154', 7, 1),
(371, 5, '154', 8, 1),
(372, 5, '154', 9, 1),
(373, 5, '154', 10, 1),
(374, 5, '154', 11, 1),
(375, 5, '154', 12, 1),
(376, 5, '154', 13, 1),
(377, 5, '154', 14, 1),
(378, 5, '154', 15, 1),
(379, 5, '154', 17, 1),
(380, 5, '154', 19, 1),
(381, 4, '137', 5, 0),
(382, 4, '137', 7, 0),
(383, 4, '137', 6, 0),
(384, 4, '137', 1, 1),
(385, 4, '137', 2, 1),
(386, 4, '137', 3, 1),
(387, 4, '137', 4, 1),
(388, 4, '137', 8, 1),
(389, 4, '137', 9, 1),
(390, 4, '137', 10, 1),
(391, 4, '137', 11, 1),
(392, 4, '137', 12, 1),
(393, 4, '137', 13, 1),
(394, 4, '137', 14, 1),
(395, 4, '137', 15, 1),
(396, 4, '137', 16, 1),
(397, 4, '137', 17, 1),
(398, 4, '137', 18, 1),
(399, 4, '137', 19, 1),
(400, 4, '137', 20, 1),
(401, 6, '099', 6, 0),
(402, 6, '099', 13, 0),
(403, 6, '099', 16, 0),
(404, 6, '099', 1, 1),
(405, 6, '099', 2, 1),
(406, 6, '099', 3, 1),
(407, 6, '099', 4, 1),
(408, 6, '099', 5, 1),
(409, 6, '099', 7, 1),
(410, 6, '099', 8, 1),
(411, 6, '099', 9, 1),
(412, 6, '099', 10, 1),
(413, 6, '099', 11, 1),
(414, 6, '099', 12, 1),
(415, 6, '099', 14, 1),
(416, 6, '099', 15, 1),
(417, 6, '099', 17, 1),
(418, 6, '099', 18, 1),
(419, 6, '099', 19, 1),
(420, 6, '099', 20, 1),
(421, 2, '053', 14, 0),
(422, 2, '053', 18, 0),
(423, 2, '053', 20, 0),
(424, 2, '053', 1, 1),
(425, 2, '053', 2, 1),
(426, 2, '053', 3, 1),
(427, 2, '053', 4, 1),
(428, 2, '053', 5, 1),
(429, 2, '053', 6, 1),
(430, 2, '053', 7, 1),
(431, 2, '053', 8, 1),
(432, 2, '053', 9, 1),
(433, 2, '053', 10, 1),
(434, 2, '053', 11, 1),
(435, 2, '053', 12, 1),
(436, 2, '053', 13, 1),
(437, 2, '053', 15, 1),
(438, 2, '053', 16, 1),
(439, 2, '053', 17, 1),
(440, 2, '053', 19, 1),
(441, 5, '156', 6, 0),
(442, 5, '156', 16, 0),
(443, 5, '156', 20, 0),
(444, 5, '156', 1, 1),
(445, 5, '156', 2, 1),
(446, 5, '156', 3, 1),
(447, 5, '156', 4, 1),
(448, 5, '156', 5, 1),
(449, 5, '156', 7, 1),
(450, 5, '156', 8, 1),
(451, 5, '156', 9, 1),
(452, 5, '156', 10, 1),
(453, 5, '156', 11, 1),
(454, 5, '156', 12, 1),
(455, 5, '156', 13, 1),
(456, 5, '156', 14, 1),
(457, 5, '156', 15, 1),
(458, 5, '156', 17, 1),
(459, 5, '156', 18, 1),
(460, 5, '156', 19, 1),
(461, 6, '123', 6, 0),
(462, 6, '123', 10, 0),
(463, 6, '123', 11, 0),
(464, 6, '123', 1, 1),
(465, 6, '123', 2, 1),
(466, 6, '123', 3, 1),
(467, 6, '123', 4, 1),
(468, 6, '123', 5, 1),
(469, 6, '123', 7, 1),
(470, 6, '123', 8, 1),
(471, 6, '123', 9, 1),
(472, 6, '123', 12, 1),
(473, 6, '123', 13, 1),
(474, 6, '123', 14, 1),
(475, 6, '123', 15, 1),
(476, 6, '123', 16, 1),
(477, 6, '123', 17, 1),
(478, 6, '123', 18, 1),
(479, 6, '123', 19, 1),
(480, 6, '123', 20, 1),
(481, 2, '135', 7, 0),
(482, 2, '135', 16, 0),
(483, 2, '135', 20, 0),
(484, 2, '135', 1, 1),
(485, 2, '135', 2, 1),
(486, 2, '135', 3, 1),
(487, 2, '135', 4, 1),
(488, 2, '135', 5, 1),
(489, 2, '135', 6, 1),
(490, 2, '135', 8, 1),
(491, 2, '135', 9, 1),
(492, 2, '135', 10, 1),
(493, 2, '135', 11, 1),
(494, 2, '135', 12, 1),
(495, 2, '135', 13, 1),
(496, 2, '135', 14, 1),
(497, 2, '135', 15, 1),
(498, 2, '135', 17, 1),
(499, 2, '135', 18, 1),
(500, 2, '135', 19, 1),
(501, 4, '072', 16, 0),
(502, 4, '072', 17, 0),
(503, 4, '072', 19, 0),
(504, 4, '072', 1, 1),
(505, 4, '072', 2, 1),
(506, 4, '072', 3, 1),
(507, 4, '072', 4, 1),
(508, 4, '072', 5, 1),
(509, 4, '072', 6, 1),
(510, 4, '072', 7, 1),
(511, 4, '072', 8, 1),
(512, 4, '072', 9, 1),
(513, 4, '072', 10, 1),
(514, 4, '072', 11, 1),
(515, 4, '072', 12, 1),
(516, 4, '072', 13, 1),
(517, 4, '072', 14, 1),
(518, 4, '072', 15, 1),
(519, 4, '072', 18, 1),
(520, 4, '072', 20, 1),
(521, 5, '015', 6, 0),
(522, 5, '015', 17, 0),
(523, 5, '015', 20, 0),
(524, 5, '015', 1, 1),
(525, 5, '015', 2, 1),
(526, 5, '015', 3, 1),
(527, 5, '015', 4, 1),
(528, 5, '015', 5, 1),
(529, 5, '015', 7, 1),
(530, 5, '015', 8, 1),
(531, 5, '015', 9, 1),
(532, 5, '015', 10, 1),
(533, 5, '015', 11, 1),
(534, 5, '015', 12, 1),
(535, 5, '015', 13, 1),
(536, 5, '015', 14, 1),
(537, 5, '015', 15, 1),
(538, 5, '015', 16, 1),
(539, 5, '015', 18, 1),
(540, 5, '015', 19, 1),
(541, 6, '032', 10, 0),
(542, 6, '032', 11, 0),
(543, 6, '032', 16, 0),
(544, 6, '032', 1, 1),
(545, 6, '032', 2, 1),
(546, 6, '032', 3, 1),
(547, 6, '032', 4, 1),
(548, 6, '032', 5, 1),
(549, 6, '032', 6, 1),
(550, 6, '032', 7, 1),
(551, 6, '032', 8, 1),
(552, 6, '032', 9, 1),
(553, 6, '032', 12, 1),
(554, 6, '032', 13, 1),
(555, 6, '032', 14, 1),
(556, 6, '032', 15, 1),
(557, 6, '032', 17, 1),
(558, 6, '032', 18, 1),
(559, 6, '032', 19, 1),
(560, 6, '032', 20, 1),
(561, 2, '100', 16, 0),
(562, 2, '100', 17, 0),
(563, 2, '100', 18, 0),
(564, 2, '100', 1, 1),
(565, 2, '100', 2, 1),
(566, 2, '100', 3, 1),
(567, 2, '100', 4, 1),
(568, 2, '100', 5, 1),
(569, 2, '100', 6, 1),
(570, 2, '100', 7, 1),
(571, 2, '100', 8, 1),
(572, 2, '100', 9, 1),
(573, 2, '100', 10, 1),
(574, 2, '100', 11, 1),
(575, 2, '100', 12, 1),
(576, 2, '100', 13, 1),
(577, 2, '100', 14, 1),
(578, 2, '100', 15, 1),
(579, 2, '100', 19, 1),
(580, 2, '100', 20, 1),
(581, 4, '033', 6, 0),
(582, 4, '033', 10, 0),
(583, 4, '033', 16, 0),
(584, 4, '033', 1, 1),
(585, 4, '033', 2, 1),
(586, 4, '033', 3, 1),
(587, 4, '033', 4, 1),
(588, 4, '033', 5, 1),
(589, 4, '033', 7, 1),
(590, 4, '033', 8, 1),
(591, 4, '033', 9, 1),
(592, 4, '033', 11, 1),
(593, 4, '033', 12, 1),
(594, 4, '033', 13, 1),
(595, 4, '033', 14, 1),
(596, 4, '033', 15, 1),
(597, 4, '033', 17, 1),
(598, 4, '033', 18, 1),
(599, 4, '033', 19, 1),
(600, 4, '033', 20, 1),
(601, 5, '070', 9, 0),
(602, 5, '070', 19, 0),
(603, 5, '070', 20, 0),
(604, 5, '070', 1, 1),
(605, 5, '070', 2, 1),
(606, 5, '070', 3, 1),
(607, 5, '070', 4, 1),
(608, 5, '070', 5, 1),
(609, 5, '070', 6, 1),
(610, 5, '070', 7, 1),
(611, 5, '070', 8, 1),
(612, 5, '070', 10, 1),
(613, 5, '070', 11, 1),
(614, 5, '070', 12, 1),
(615, 5, '070', 13, 1),
(616, 5, '070', 14, 1),
(617, 5, '070', 15, 1),
(618, 5, '070', 16, 1),
(619, 5, '070', 17, 1),
(620, 5, '070', 18, 1),
(621, 3, '052', 15, 0),
(622, 3, '052', 17, 0),
(623, 3, '052', 19, 0),
(624, 3, '052', 1, 1),
(625, 3, '052', 2, 1),
(626, 3, '052', 3, 1),
(627, 3, '052', 4, 1),
(628, 3, '052', 5, 1),
(629, 3, '052', 6, 1),
(630, 3, '052', 7, 1),
(631, 3, '052', 8, 1),
(632, 3, '052', 9, 1),
(633, 3, '052', 10, 1),
(634, 3, '052', 11, 1),
(635, 3, '052', 12, 1),
(636, 3, '052', 13, 1),
(637, 3, '052', 14, 1),
(638, 3, '052', 16, 1),
(639, 3, '052', 18, 1),
(640, 3, '052', 20, 1),
(641, 6, '012', 9, 0),
(642, 6, '012', 19, 0),
(643, 6, '012', 20, 0),
(644, 6, '012', 1, 1),
(645, 6, '012', 2, 1),
(646, 6, '012', 3, 1),
(647, 6, '012', 4, 1),
(648, 6, '012', 5, 1),
(649, 6, '012', 6, 1),
(650, 6, '012', 7, 1),
(651, 6, '012', 8, 1),
(652, 6, '012', 10, 1),
(653, 6, '012', 11, 1),
(654, 6, '012', 12, 1),
(655, 6, '012', 13, 1),
(656, 6, '012', 14, 1),
(657, 6, '012', 15, 1),
(658, 6, '012', 16, 1),
(659, 6, '012', 17, 1),
(660, 6, '012', 18, 1),
(661, 4, '151', 14, 0),
(662, 4, '151', 16, 0),
(663, 4, '151', 19, 0),
(664, 4, '151', 1, 1),
(665, 4, '151', 2, 1),
(666, 4, '151', 3, 1),
(667, 4, '151', 4, 1),
(668, 4, '151', 5, 1),
(669, 4, '151', 6, 1),
(670, 4, '151', 7, 1),
(671, 4, '151', 8, 1),
(672, 4, '151', 9, 1),
(673, 4, '151', 10, 1),
(674, 4, '151', 11, 1),
(675, 4, '151', 12, 1),
(676, 4, '151', 13, 1),
(677, 4, '151', 15, 1),
(678, 4, '151', 17, 1),
(679, 4, '151', 18, 1),
(680, 4, '151', 20, 1),
(681, 5, '138', 5, 0),
(682, 5, '138', 6, 0),
(683, 5, '138', 12, 0),
(684, 5, '138', 1, 1),
(685, 5, '138', 2, 1),
(686, 5, '138', 3, 1),
(687, 5, '138', 4, 1),
(688, 5, '138', 7, 1),
(689, 5, '138', 8, 1),
(690, 5, '138', 9, 1),
(691, 5, '138', 10, 1),
(692, 5, '138', 11, 1),
(693, 5, '138', 13, 1),
(694, 5, '138', 14, 1),
(695, 5, '138', 15, 1),
(696, 5, '138', 16, 1),
(697, 5, '138', 17, 1),
(698, 5, '138', 18, 1),
(699, 5, '138', 19, 1),
(700, 5, '138', 20, 1),
(701, 2, '094', 13, 0),
(702, 2, '094', 15, 0),
(703, 2, '094', 20, 0),
(704, 2, '094', 1, 1),
(705, 2, '094', 2, 1),
(706, 2, '094', 3, 1),
(707, 2, '094', 4, 1),
(708, 2, '094', 5, 1),
(709, 2, '094', 6, 1),
(710, 2, '094', 7, 1),
(711, 2, '094', 8, 1),
(712, 2, '094', 9, 1),
(713, 2, '094', 10, 1),
(714, 2, '094', 11, 1),
(715, 2, '094', 12, 1),
(716, 2, '094', 14, 1),
(717, 2, '094', 16, 1),
(718, 2, '094', 17, 1),
(719, 2, '094', 18, 1),
(720, 2, '094', 19, 1),
(721, 6, '073', 11, 0),
(722, 6, '073', 17, 0),
(723, 6, '073', 20, 0),
(724, 6, '073', 1, 1),
(725, 6, '073', 2, 1),
(726, 6, '073', 3, 1),
(727, 6, '073', 4, 1),
(728, 6, '073', 5, 1),
(729, 6, '073', 6, 1),
(730, 6, '073', 7, 1),
(731, 6, '073', 8, 1),
(732, 6, '073', 9, 1),
(733, 6, '073', 10, 1),
(734, 6, '073', 12, 1),
(735, 6, '073', 13, 1),
(736, 6, '073', 14, 1),
(737, 6, '073', 15, 1),
(738, 6, '073', 16, 1),
(739, 6, '073', 18, 1),
(740, 6, '073', 19, 1),
(741, 5, '078', 4, 0),
(742, 5, '078', 6, 0),
(743, 5, '078', 11, 0),
(744, 5, '078', 1, 1),
(745, 5, '078', 2, 1),
(746, 5, '078', 3, 1),
(747, 5, '078', 5, 1),
(748, 5, '078', 7, 1),
(749, 5, '078', 8, 1),
(750, 5, '078', 9, 1),
(751, 5, '078', 10, 1),
(752, 5, '078', 12, 1),
(753, 5, '078', 13, 1),
(754, 5, '078', 14, 1),
(755, 5, '078', 15, 1),
(756, 5, '078', 16, 1),
(757, 5, '078', 17, 1),
(758, 5, '078', 18, 1),
(759, 5, '078', 19, 1),
(760, 5, '078', 20, 1),
(761, 6, '133', 6, 0),
(762, 6, '133', 14, 0),
(763, 6, '133', 18, 0),
(764, 6, '133', 1, 1),
(765, 6, '133', 2, 1),
(766, 6, '133', 3, 1),
(767, 6, '133', 4, 1),
(768, 6, '133', 5, 1),
(769, 6, '133', 7, 1),
(770, 6, '133', 8, 1),
(771, 6, '133', 9, 1),
(772, 6, '133', 10, 1),
(773, 6, '133', 11, 1),
(774, 6, '133', 12, 1),
(775, 6, '133', 13, 1),
(776, 6, '133', 15, 1),
(777, 6, '133', 16, 1),
(778, 6, '133', 17, 1),
(779, 6, '133', 19, 1),
(780, 6, '133', 20, 1),
(781, 2, '106', 2, 0),
(782, 2, '106', 5, 0),
(783, 2, '106', 11, 0),
(784, 2, '106', 1, 1),
(785, 2, '106', 3, 1),
(786, 2, '106', 4, 1),
(787, 2, '106', 6, 1),
(788, 2, '106', 7, 1),
(789, 2, '106', 8, 1),
(790, 2, '106', 9, 1),
(791, 2, '106', 10, 1),
(792, 2, '106', 12, 1),
(793, 2, '106', 13, 1),
(794, 2, '106', 14, 1),
(795, 2, '106', 15, 1),
(796, 2, '106', 16, 1),
(797, 2, '106', 17, 1),
(798, 2, '106', 18, 1),
(799, 2, '106', 19, 1),
(800, 2, '106', 20, 1),
(801, 4, '076', 11, 0),
(802, 4, '076', 19, 0),
(803, 4, '076', 20, 0),
(804, 4, '076', 1, 1),
(805, 4, '076', 2, 1),
(806, 4, '076', 3, 1),
(807, 4, '076', 4, 1),
(808, 4, '076', 5, 1),
(809, 4, '076', 6, 1),
(810, 4, '076', 7, 1),
(811, 4, '076', 8, 1),
(812, 4, '076', 9, 1),
(813, 4, '076', 10, 1),
(814, 4, '076', 12, 1),
(815, 4, '076', 13, 1),
(816, 4, '076', 14, 1),
(817, 4, '076', 15, 1),
(818, 4, '076', 16, 1),
(819, 4, '076', 17, 1),
(820, 4, '076', 18, 1),
(821, 2, '066', 9, 0),
(822, 2, '066', 10, 0),
(823, 2, '066', 15, 0),
(824, 2, '066', 1, 1),
(825, 2, '066', 2, 1),
(826, 2, '066', 3, 1),
(827, 2, '066', 4, 1),
(828, 2, '066', 5, 1),
(829, 2, '066', 6, 1),
(830, 2, '066', 7, 1),
(831, 2, '066', 8, 1),
(832, 2, '066', 11, 1),
(833, 2, '066', 12, 1),
(834, 2, '066', 13, 1),
(835, 2, '066', 14, 1),
(836, 2, '066', 16, 1),
(837, 2, '066', 17, 1),
(838, 2, '066', 18, 1),
(839, 2, '066', 19, 1),
(840, 2, '066', 20, 1),
(841, 5, '028', 6, 0),
(842, 5, '028', 11, 0),
(843, 5, '028', 15, 0),
(844, 5, '028', 1, 1),
(845, 5, '028', 2, 1),
(846, 5, '028', 3, 1),
(847, 5, '028', 4, 1),
(848, 5, '028', 5, 1),
(849, 5, '028', 7, 1),
(850, 5, '028', 8, 1),
(851, 5, '028', 9, 1),
(852, 5, '028', 10, 1),
(853, 5, '028', 12, 1),
(854, 5, '028', 13, 1),
(855, 5, '028', 14, 1),
(856, 5, '028', 16, 1),
(857, 5, '028', 17, 1),
(858, 5, '028', 18, 1),
(859, 5, '028', 19, 1),
(860, 5, '028', 20, 1),
(861, 2, '145', 4, 0),
(862, 2, '145', 7, 0),
(863, 2, '145', 12, 0),
(864, 2, '145', 1, 1),
(865, 2, '145', 2, 1),
(866, 2, '145', 3, 1),
(867, 2, '145', 5, 1),
(868, 2, '145', 6, 1),
(869, 2, '145', 8, 1),
(870, 2, '145', 9, 1),
(871, 2, '145', 10, 1),
(872, 2, '145', 11, 1),
(873, 2, '145', 13, 1),
(874, 2, '145', 14, 1),
(875, 2, '145', 15, 1),
(876, 2, '145', 16, 1),
(877, 2, '145', 17, 1),
(878, 2, '145', 18, 1),
(879, 2, '145', 19, 1),
(880, 2, '145', 20, 1),
(881, 6, '179', 8, 0),
(882, 6, '179', 17, 0),
(883, 6, '179', 18, 0),
(884, 6, '179', 1, 1),
(885, 6, '179', 2, 1),
(886, 6, '179', 3, 1),
(887, 6, '179', 4, 1),
(888, 6, '179', 5, 1),
(889, 6, '179', 6, 1),
(890, 6, '179', 7, 1),
(891, 6, '179', 9, 1),
(892, 6, '179', 10, 1),
(893, 6, '179', 11, 1),
(894, 6, '179', 12, 1),
(895, 6, '179', 13, 1),
(896, 6, '179', 14, 1),
(897, 6, '179', 15, 1),
(898, 6, '179', 16, 1),
(899, 6, '179', 19, 1),
(900, 6, '179', 20, 1),
(901, 4, '136', 5, 0),
(902, 4, '136', 12, 0),
(903, 4, '136', 15, 0),
(904, 4, '136', 1, 1),
(905, 4, '136', 2, 1),
(906, 4, '136', 3, 1),
(907, 4, '136', 4, 1),
(908, 4, '136', 6, 1),
(909, 4, '136', 7, 1),
(910, 4, '136', 8, 1),
(911, 4, '136', 9, 1),
(912, 4, '136', 10, 1),
(913, 4, '136', 11, 1),
(914, 4, '136', 13, 1),
(915, 4, '136', 14, 1),
(916, 4, '136', 16, 1),
(917, 4, '136', 17, 1),
(918, 4, '136', 18, 1),
(919, 4, '136', 19, 1),
(920, 4, '136', 20, 1),
(921, 3, '102', 3, 0),
(922, 3, '102', 15, 0),
(923, 3, '102', 19, 0),
(924, 3, '102', 1, 1),
(925, 3, '102', 2, 1),
(926, 3, '102', 4, 1),
(927, 3, '102', 5, 1),
(928, 3, '102', 6, 1),
(929, 3, '102', 7, 1),
(930, 3, '102', 8, 1),
(931, 3, '102', 9, 1),
(932, 3, '102', 10, 1),
(933, 3, '102', 11, 1),
(934, 3, '102', 12, 1),
(935, 3, '102', 13, 1),
(936, 3, '102', 14, 1),
(937, 3, '102', 16, 1),
(938, 3, '102', 17, 1),
(939, 3, '102', 18, 1),
(940, 3, '102', 20, 1),
(941, 5, '021', 13, 0),
(942, 5, '021', 17, 0),
(943, 5, '021', 19, 0),
(944, 5, '021', 1, 1),
(945, 5, '021', 2, 1),
(946, 5, '021', 3, 1),
(947, 5, '021', 4, 1),
(948, 5, '021', 5, 1),
(949, 5, '021', 6, 1),
(950, 5, '021', 7, 1),
(951, 5, '021', 8, 1),
(952, 5, '021', 9, 1),
(953, 5, '021', 10, 1),
(954, 5, '021', 11, 1),
(955, 5, '021', 12, 1),
(956, 5, '021', 14, 1),
(957, 5, '021', 15, 1),
(958, 5, '021', 16, 1),
(959, 5, '021', 18, 1),
(960, 5, '021', 20, 1),
(961, 6, '171', 1, 0),
(962, 6, '171', 12, 0),
(963, 6, '171', 16, 0),
(964, 6, '171', 2, 1),
(965, 6, '171', 3, 1),
(966, 6, '171', 4, 1),
(967, 6, '171', 5, 1),
(968, 6, '171', 6, 1),
(969, 6, '171', 7, 1),
(970, 6, '171', 8, 1),
(971, 6, '171', 9, 1),
(972, 6, '171', 10, 1),
(973, 6, '171', 11, 1),
(974, 6, '171', 13, 1),
(975, 6, '171', 14, 1),
(976, 6, '171', 15, 1),
(977, 6, '171', 17, 1),
(978, 6, '171', 18, 1),
(979, 6, '171', 19, 1),
(980, 6, '171', 20, 1),
(981, 2, '119', 3, 0),
(982, 2, '119', 17, 0),
(983, 2, '119', 20, 0),
(984, 2, '119', 1, 1),
(985, 2, '119', 2, 1),
(986, 2, '119', 4, 1),
(987, 2, '119', 5, 1),
(988, 2, '119', 6, 1),
(989, 2, '119', 7, 1),
(990, 2, '119', 8, 1),
(991, 2, '119', 9, 1),
(992, 2, '119', 10, 1),
(993, 2, '119', 11, 1),
(994, 2, '119', 12, 1),
(995, 2, '119', 13, 1),
(996, 2, '119', 14, 1),
(997, 2, '119', 15, 1),
(998, 2, '119', 16, 1),
(999, 2, '119', 18, 1),
(1000, 2, '119', 19, 1),
(1001, 4, '063', 14, 0),
(1002, 4, '063', 19, 0),
(1003, 4, '063', 20, 0),
(1004, 4, '063', 1, 1),
(1005, 4, '063', 2, 1),
(1006, 4, '063', 3, 1),
(1007, 4, '063', 4, 1),
(1008, 4, '063', 5, 1),
(1009, 4, '063', 6, 1),
(1010, 4, '063', 7, 1),
(1011, 4, '063', 8, 1),
(1012, 4, '063', 9, 1),
(1013, 4, '063', 10, 1),
(1014, 4, '063', 11, 1),
(1015, 4, '063', 12, 1),
(1016, 4, '063', 13, 1),
(1017, 4, '063', 15, 1),
(1018, 4, '063', 16, 1),
(1019, 4, '063', 17, 1),
(1020, 4, '063', 18, 1),
(1021, 5, '183', 15, 0),
(1022, 5, '183', 19, 0),
(1023, 5, '183', 20, 0),
(1024, 5, '183', 1, 1),
(1025, 5, '183', 2, 1),
(1026, 5, '183', 3, 1),
(1027, 5, '183', 4, 1),
(1028, 5, '183', 5, 1),
(1029, 5, '183', 6, 1),
(1030, 5, '183', 7, 1),
(1031, 5, '183', 8, 1),
(1032, 5, '183', 9, 1),
(1033, 5, '183', 10, 1),
(1034, 5, '183', 11, 1),
(1035, 5, '183', 12, 1),
(1036, 5, '183', 13, 1),
(1037, 5, '183', 14, 1),
(1038, 5, '183', 16, 1),
(1039, 5, '183', 17, 1),
(1040, 5, '183', 18, 1),
(1041, 6, '159', 2, 0),
(1042, 6, '159', 4, 0),
(1043, 6, '159', 11, 0),
(1044, 6, '159', 1, 1),
(1045, 6, '159', 3, 1),
(1046, 6, '159', 5, 1),
(1047, 6, '159', 6, 1),
(1048, 6, '159', 7, 1),
(1049, 6, '159', 8, 1),
(1050, 6, '159', 9, 1),
(1051, 6, '159', 10, 1),
(1052, 6, '159', 12, 1),
(1053, 6, '159', 13, 1),
(1054, 6, '159', 14, 1),
(1055, 6, '159', 15, 1),
(1056, 6, '159', 16, 1),
(1057, 6, '159', 17, 1),
(1058, 6, '159', 18, 1),
(1059, 6, '159', 19, 1),
(1060, 6, '159', 20, 1),
(1061, 3, '046', 3, 0),
(1062, 3, '046', 19, 0),
(1063, 3, '046', 20, 0),
(1064, 3, '046', 1, 1),
(1065, 3, '046', 2, 1),
(1066, 3, '046', 4, 1),
(1067, 3, '046', 5, 1),
(1068, 3, '046', 6, 1),
(1069, 3, '046', 7, 1),
(1070, 3, '046', 8, 1),
(1071, 3, '046', 9, 1),
(1072, 3, '046', 10, 1),
(1073, 3, '046', 11, 1),
(1074, 3, '046', 12, 1),
(1075, 3, '046', 13, 1),
(1076, 3, '046', 14, 1),
(1077, 3, '046', 15, 1),
(1078, 3, '046', 16, 1),
(1079, 3, '046', 17, 1),
(1080, 3, '046', 18, 1),
(1081, 2, '141', 8, 0),
(1082, 2, '141', 15, 0),
(1083, 2, '141', 19, 0),
(1084, 2, '141', 1, 1),
(1085, 2, '141', 2, 1),
(1086, 2, '141', 3, 1),
(1087, 2, '141', 4, 1),
(1088, 2, '141', 5, 1),
(1089, 2, '141', 6, 1),
(1090, 2, '141', 7, 1),
(1091, 2, '141', 9, 1),
(1092, 2, '141', 10, 1),
(1093, 2, '141', 11, 1),
(1094, 2, '141', 12, 1),
(1095, 2, '141', 13, 1),
(1096, 2, '141', 14, 1),
(1097, 2, '141', 16, 1),
(1098, 2, '141', 17, 1),
(1099, 2, '141', 18, 1),
(1100, 2, '141', 20, 1),
(1101, 4, '178', 9, 0),
(1102, 4, '178', 19, 0),
(1103, 4, '178', 20, 0),
(1104, 4, '178', 1, 1),
(1105, 4, '178', 2, 1),
(1106, 4, '178', 3, 1),
(1107, 4, '178', 4, 1),
(1108, 4, '178', 5, 1),
(1109, 4, '178', 6, 1),
(1110, 4, '178', 7, 1),
(1111, 4, '178', 8, 1),
(1112, 4, '178', 10, 1),
(1113, 4, '178', 11, 1),
(1114, 4, '178', 12, 1),
(1115, 4, '178', 13, 1),
(1116, 4, '178', 14, 1),
(1117, 4, '178', 15, 1),
(1118, 4, '178', 16, 1),
(1119, 4, '178', 17, 1),
(1120, 4, '178', 18, 1),
(1121, 5, '057', 10, 0),
(1122, 5, '057', 11, 0),
(1123, 5, '057', 12, 0),
(1124, 5, '057', 1, 1),
(1125, 5, '057', 2, 1),
(1126, 5, '057', 3, 1),
(1127, 5, '057', 4, 1),
(1128, 5, '057', 5, 1),
(1129, 5, '057', 6, 1),
(1130, 5, '057', 7, 1),
(1131, 5, '057', 8, 1),
(1132, 5, '057', 9, 1),
(1133, 5, '057', 13, 1),
(1134, 5, '057', 14, 1),
(1135, 5, '057', 15, 1),
(1136, 5, '057', 16, 1),
(1137, 5, '057', 17, 1),
(1138, 5, '057', 18, 1),
(1139, 5, '057', 19, 1),
(1140, 5, '057', 20, 1),
(1141, 2, '058', 9, 0),
(1142, 2, '058', 12, 0),
(1143, 2, '058', 14, 0),
(1144, 2, '058', 1, 1),
(1145, 2, '058', 2, 1),
(1146, 2, '058', 3, 1),
(1147, 2, '058', 4, 1),
(1148, 2, '058', 5, 1),
(1149, 2, '058', 6, 1),
(1150, 2, '058', 7, 1),
(1151, 2, '058', 8, 1),
(1152, 2, '058', 10, 1),
(1153, 2, '058', 11, 1),
(1154, 2, '058', 13, 1),
(1155, 2, '058', 15, 1),
(1156, 2, '058', 16, 1),
(1157, 2, '058', 17, 1),
(1158, 2, '058', 18, 1),
(1159, 2, '058', 19, 1),
(1160, 2, '058', 20, 1),
(1161, 6, '082', 16, 0),
(1162, 6, '082', 18, 0),
(1163, 6, '082', 19, 0),
(1164, 6, '082', 1, 1),
(1165, 6, '082', 2, 1),
(1166, 6, '082', 3, 1),
(1167, 6, '082', 4, 1),
(1168, 6, '082', 5, 1),
(1169, 6, '082', 6, 1),
(1170, 6, '082', 7, 1),
(1171, 6, '082', 8, 1),
(1172, 6, '082', 9, 1),
(1173, 6, '082', 10, 1),
(1174, 6, '082', 11, 1),
(1175, 6, '082', 12, 1),
(1176, 6, '082', 13, 1),
(1177, 6, '082', 14, 1),
(1178, 6, '082', 15, 1),
(1179, 6, '082', 17, 1),
(1180, 6, '082', 20, 1),
(1181, 4, '054', 13, 0),
(1182, 4, '054', 19, 0),
(1183, 4, '054', 20, 0),
(1184, 4, '054', 1, 1),
(1185, 4, '054', 2, 1),
(1186, 4, '054', 3, 1),
(1187, 4, '054', 4, 1),
(1188, 4, '054', 5, 1),
(1189, 4, '054', 6, 1),
(1190, 4, '054', 7, 1),
(1191, 4, '054', 8, 1),
(1192, 4, '054', 9, 1),
(1193, 4, '054', 10, 1),
(1194, 4, '054', 11, 1),
(1195, 4, '054', 12, 1),
(1196, 4, '054', 14, 1),
(1197, 4, '054', 15, 1),
(1198, 4, '054', 16, 1),
(1199, 4, '054', 17, 1),
(1200, 4, '054', 18, 1),
(1201, 2, '060', 6, 0),
(1202, 2, '060', 8, 0),
(1203, 2, '060', 12, 0),
(1204, 2, '060', 1, 1),
(1205, 2, '060', 2, 1),
(1206, 2, '060', 3, 1),
(1207, 2, '060', 4, 1),
(1208, 2, '060', 5, 1),
(1209, 2, '060', 7, 1),
(1210, 2, '060', 9, 1),
(1211, 2, '060', 10, 1),
(1212, 2, '060', 11, 1),
(1213, 2, '060', 13, 1),
(1214, 2, '060', 14, 1),
(1215, 2, '060', 15, 1),
(1216, 2, '060', 16, 1),
(1217, 2, '060', 17, 1),
(1218, 2, '060', 18, 1),
(1219, 2, '060', 19, 1),
(1220, 2, '060', 20, 1),
(1221, 5, '131', 3, 0),
(1222, 5, '131', 11, 0),
(1223, 5, '131', 16, 0),
(1224, 5, '131', 1, 1),
(1225, 5, '131', 2, 1),
(1226, 5, '131', 4, 1),
(1227, 5, '131', 5, 1),
(1228, 5, '131', 6, 1),
(1229, 5, '131', 7, 1),
(1230, 5, '131', 8, 1),
(1231, 5, '131', 9, 1),
(1232, 5, '131', 10, 1),
(1233, 5, '131', 12, 1),
(1234, 5, '131', 13, 1),
(1235, 5, '131', 14, 1),
(1236, 5, '131', 15, 1),
(1237, 5, '131', 17, 1),
(1238, 5, '131', 18, 1),
(1239, 5, '131', 19, 1),
(1240, 5, '131', 20, 1),
(1241, 3, '177', 16, 0),
(1242, 3, '177', 18, 0),
(1243, 3, '177', 20, 0),
(1244, 3, '177', 1, 1),
(1245, 3, '177', 2, 1),
(1246, 3, '177', 3, 1),
(1247, 3, '177', 4, 1),
(1248, 3, '177', 5, 1),
(1249, 3, '177', 6, 1),
(1250, 3, '177', 7, 1),
(1251, 3, '177', 8, 1),
(1252, 3, '177', 9, 1),
(1253, 3, '177', 10, 1),
(1254, 3, '177', 11, 1),
(1255, 3, '177', 12, 1),
(1256, 3, '177', 13, 1),
(1257, 3, '177', 14, 1),
(1258, 3, '177', 15, 1),
(1259, 3, '177', 17, 1),
(1260, 3, '177', 19, 1),
(1261, 6, '056', 13, 0),
(1262, 6, '056', 19, 0),
(1263, 6, '056', 20, 0),
(1264, 6, '056', 1, 1),
(1265, 6, '056', 2, 1),
(1266, 6, '056', 3, 1),
(1267, 6, '056', 4, 1),
(1268, 6, '056', 5, 1),
(1269, 6, '056', 6, 1),
(1270, 6, '056', 7, 1),
(1271, 6, '056', 8, 1),
(1272, 6, '056', 9, 1),
(1273, 6, '056', 10, 1),
(1274, 6, '056', 11, 1),
(1275, 6, '056', 12, 1),
(1276, 6, '056', 14, 1),
(1277, 6, '056', 15, 1),
(1278, 6, '056', 16, 1),
(1279, 6, '056', 17, 1),
(1280, 6, '056', 18, 1),
(1281, 4, '085', 15, 0),
(1282, 4, '085', 17, 0),
(1283, 4, '085', 20, 0),
(1284, 4, '085', 1, 1),
(1285, 4, '085', 2, 1),
(1286, 4, '085', 3, 1),
(1287, 4, '085', 4, 1),
(1288, 4, '085', 5, 1),
(1289, 4, '085', 6, 1),
(1290, 4, '085', 7, 1),
(1291, 4, '085', 8, 1),
(1292, 4, '085', 9, 1),
(1293, 4, '085', 10, 1),
(1294, 4, '085', 11, 1),
(1295, 4, '085', 12, 1),
(1296, 4, '085', 13, 1),
(1297, 4, '085', 14, 1),
(1298, 4, '085', 16, 1),
(1299, 4, '085', 18, 1),
(1300, 4, '085', 19, 1),
(1301, 2, '045', 10, 0),
(1302, 2, '045', 11, 0),
(1303, 2, '045', 15, 0),
(1304, 2, '045', 1, 1),
(1305, 2, '045', 2, 1),
(1306, 2, '045', 3, 1),
(1307, 2, '045', 4, 1),
(1308, 2, '045', 5, 1),
(1309, 2, '045', 6, 1),
(1310, 2, '045', 7, 1),
(1311, 2, '045', 8, 1),
(1312, 2, '045', 9, 1),
(1313, 2, '045', 12, 1),
(1314, 2, '045', 13, 1),
(1315, 2, '045', 14, 1),
(1316, 2, '045', 16, 1),
(1317, 2, '045', 17, 1),
(1318, 2, '045', 18, 1),
(1319, 2, '045', 19, 1),
(1320, 2, '045', 20, 1),
(1321, 5, '120', 8, 0),
(1322, 5, '120', 11, 0),
(1323, 5, '120', 15, 0),
(1324, 5, '120', 1, 1),
(1325, 5, '120', 2, 1),
(1326, 5, '120', 3, 1),
(1327, 5, '120', 4, 1),
(1328, 5, '120', 5, 1),
(1329, 5, '120', 6, 1),
(1330, 5, '120', 7, 1),
(1331, 5, '120', 9, 1),
(1332, 5, '120', 10, 1),
(1333, 5, '120', 12, 1),
(1334, 5, '120', 13, 1),
(1335, 5, '120', 14, 1),
(1336, 5, '120', 16, 1),
(1337, 5, '120', 17, 1),
(1338, 5, '120', 18, 1),
(1339, 5, '120', 19, 1),
(1340, 5, '120', 20, 1),
(1341, 3, '111', 9, 0),
(1342, 3, '111', 11, 0),
(1343, 3, '111', 19, 0),
(1344, 3, '111', 1, 1),
(1345, 3, '111', 2, 1),
(1346, 3, '111', 3, 1),
(1347, 3, '111', 4, 1),
(1348, 3, '111', 5, 1),
(1349, 3, '111', 6, 1),
(1350, 3, '111', 7, 1),
(1351, 3, '111', 8, 1),
(1352, 3, '111', 10, 1),
(1353, 3, '111', 12, 1),
(1354, 3, '111', 13, 1),
(1355, 3, '111', 14, 1),
(1356, 3, '111', 15, 1),
(1357, 3, '111', 16, 1),
(1358, 3, '111', 17, 1),
(1359, 3, '111', 18, 1),
(1360, 3, '111', 20, 1),
(1361, 6, '101', 1, 0),
(1362, 6, '101', 18, 0),
(1363, 6, '101', 20, 0),
(1364, 6, '101', 2, 1),
(1365, 6, '101', 3, 1),
(1366, 6, '101', 4, 1),
(1367, 6, '101', 5, 1),
(1368, 6, '101', 6, 1),
(1369, 6, '101', 7, 1),
(1370, 6, '101', 8, 1),
(1371, 6, '101', 9, 1),
(1372, 6, '101', 10, 1),
(1373, 6, '101', 11, 1),
(1374, 6, '101', 12, 1),
(1375, 6, '101', 13, 1),
(1376, 6, '101', 14, 1),
(1377, 6, '101', 15, 1),
(1378, 6, '101', 16, 1),
(1379, 6, '101', 17, 1),
(1380, 6, '101', 19, 1),
(1381, 4, '132', 3, 0),
(1382, 4, '132', 1, 0),
(1383, 4, '132', 16, 0),
(1384, 4, '132', 2, 1),
(1385, 4, '132', 4, 1),
(1386, 4, '132', 5, 1),
(1387, 4, '132', 6, 1),
(1388, 4, '132', 7, 1),
(1389, 4, '132', 8, 1),
(1390, 4, '132', 9, 1),
(1391, 4, '132', 10, 1),
(1392, 4, '132', 11, 1),
(1393, 4, '132', 12, 1),
(1394, 4, '132', 13, 1),
(1395, 4, '132', 14, 1),
(1396, 4, '132', 15, 1),
(1397, 4, '132', 17, 1),
(1398, 4, '132', 18, 1),
(1399, 4, '132', 19, 1),
(1400, 4, '132', 20, 1),
(1401, 2, '061', 17, 0),
(1402, 2, '061', 18, 0),
(1403, 2, '061', 20, 0),
(1404, 2, '061', 1, 1),
(1405, 2, '061', 2, 1),
(1406, 2, '061', 3, 1),
(1407, 2, '061', 4, 1),
(1408, 2, '061', 5, 1),
(1409, 2, '061', 6, 1),
(1410, 2, '061', 7, 1),
(1411, 2, '061', 8, 1),
(1412, 2, '061', 9, 1),
(1413, 2, '061', 10, 1),
(1414, 2, '061', 11, 1),
(1415, 2, '061', 12, 1),
(1416, 2, '061', 13, 1),
(1417, 2, '061', 14, 1),
(1418, 2, '061', 15, 1),
(1419, 2, '061', 16, 1),
(1420, 2, '061', 19, 1),
(1421, 5, '117', 7, 0),
(1422, 5, '117', 13, 0),
(1423, 5, '117', 17, 0),
(1424, 5, '117', 1, 1),
(1425, 5, '117', 2, 1),
(1426, 5, '117', 3, 1),
(1427, 5, '117', 4, 1),
(1428, 5, '117', 5, 1),
(1429, 5, '117', 6, 1),
(1430, 5, '117', 8, 1),
(1431, 5, '117', 9, 1),
(1432, 5, '117', 10, 1),
(1433, 5, '117', 11, 1),
(1434, 5, '117', 12, 1),
(1435, 5, '117', 14, 1),
(1436, 5, '117', 15, 1),
(1437, 5, '117', 16, 1),
(1438, 5, '117', 18, 1),
(1439, 5, '117', 19, 1),
(1440, 5, '117', 20, 1),
(1441, 6, '163', 3, 0),
(1442, 6, '163', 15, 0),
(1443, 6, '163', 17, 0),
(1444, 6, '163', 1, 1),
(1445, 6, '163', 2, 1),
(1446, 6, '163', 4, 1),
(1447, 6, '163', 5, 1),
(1448, 6, '163', 6, 1),
(1449, 6, '163', 7, 1),
(1450, 6, '163', 8, 1),
(1451, 6, '163', 9, 1),
(1452, 6, '163', 10, 1),
(1453, 6, '163', 11, 1),
(1454, 6, '163', 12, 1),
(1455, 6, '163', 13, 1),
(1456, 6, '163', 14, 1),
(1457, 6, '163', 16, 1),
(1458, 6, '163', 18, 1),
(1459, 6, '163', 19, 1),
(1460, 6, '163', 20, 1),
(1461, 3, '112', 5, 0),
(1462, 3, '112', 12, 0),
(1463, 3, '112', 20, 0),
(1464, 3, '112', 1, 1),
(1465, 3, '112', 2, 1),
(1466, 3, '112', 3, 1),
(1467, 3, '112', 4, 1),
(1468, 3, '112', 6, 1),
(1469, 3, '112', 7, 1),
(1470, 3, '112', 8, 1),
(1471, 3, '112', 9, 1),
(1472, 3, '112', 10, 1),
(1473, 3, '112', 11, 1),
(1474, 3, '112', 13, 1),
(1475, 3, '112', 14, 1),
(1476, 3, '112', 15, 1),
(1477, 3, '112', 16, 1),
(1478, 3, '112', 17, 1),
(1479, 3, '112', 18, 1),
(1480, 3, '112', 19, 1),
(1481, 4, '059', 13, 0),
(1482, 4, '059', 15, 0),
(1483, 4, '059', 19, 0),
(1484, 4, '059', 1, 1),
(1485, 4, '059', 2, 1),
(1486, 4, '059', 3, 1),
(1487, 4, '059', 4, 1),
(1488, 4, '059', 5, 1),
(1489, 4, '059', 6, 1),
(1490, 4, '059', 7, 1),
(1491, 4, '059', 8, 1),
(1492, 4, '059', 9, 1),
(1493, 4, '059', 10, 1),
(1494, 4, '059', 11, 1),
(1495, 4, '059', 12, 1),
(1496, 4, '059', 14, 1),
(1497, 4, '059', 16, 1),
(1498, 4, '059', 17, 1),
(1499, 4, '059', 18, 1),
(1500, 4, '059', 20, 1),
(1501, 5, '042', 15, 0),
(1502, 5, '042', 18, 0),
(1503, 5, '042', 20, 0),
(1504, 5, '042', 1, 1),
(1505, 5, '042', 2, 1),
(1506, 5, '042', 3, 1),
(1507, 5, '042', 4, 1),
(1508, 5, '042', 5, 1),
(1509, 5, '042', 6, 1),
(1510, 5, '042', 7, 1),
(1511, 5, '042', 8, 1),
(1512, 5, '042', 9, 1),
(1513, 5, '042', 10, 1),
(1514, 5, '042', 11, 1),
(1515, 5, '042', 12, 1),
(1516, 5, '042', 13, 1),
(1517, 5, '042', 14, 1),
(1518, 5, '042', 16, 1),
(1519, 5, '042', 17, 1),
(1520, 5, '042', 19, 1),
(1521, 2, '118', 5, 0),
(1522, 2, '118', 10, 0),
(1523, 2, '118', 17, 0),
(1524, 2, '118', 1, 1),
(1525, 2, '118', 2, 1),
(1526, 2, '118', 3, 1),
(1527, 2, '118', 4, 1),
(1528, 2, '118', 6, 1),
(1529, 2, '118', 7, 1),
(1530, 2, '118', 8, 1),
(1531, 2, '118', 9, 1),
(1532, 2, '118', 11, 1),
(1533, 2, '118', 12, 1),
(1534, 2, '118', 13, 1),
(1535, 2, '118', 14, 1),
(1536, 2, '118', 15, 1),
(1537, 2, '118', 16, 1),
(1538, 2, '118', 18, 1),
(1539, 2, '118', 19, 1),
(1540, 2, '118', 20, 1),
(1541, 4, '104', 1, 0),
(1542, 4, '104', 15, 0),
(1543, 4, '104', 19, 0),
(1544, 4, '104', 2, 1),
(1545, 4, '104', 3, 1),
(1546, 4, '104', 4, 1),
(1547, 4, '104', 5, 1),
(1548, 4, '104', 6, 1),
(1549, 4, '104', 7, 1),
(1550, 4, '104', 8, 1),
(1551, 4, '104', 9, 1),
(1552, 4, '104', 10, 1),
(1553, 4, '104', 11, 1),
(1554, 4, '104', 12, 1),
(1555, 4, '104', 13, 1),
(1556, 4, '104', 14, 1),
(1557, 4, '104', 16, 1),
(1558, 4, '104', 17, 1),
(1559, 4, '104', 18, 1),
(1560, 4, '104', 20, 1),
(1561, 6, '084', 6, 0),
(1562, 6, '084', 18, 0),
(1563, 6, '084', 20, 0),
(1564, 6, '084', 1, 1),
(1565, 6, '084', 2, 1),
(1566, 6, '084', 3, 1),
(1567, 6, '084', 4, 1),
(1568, 6, '084', 5, 1),
(1569, 6, '084', 7, 1),
(1570, 6, '084', 8, 1),
(1571, 6, '084', 9, 1),
(1572, 6, '084', 10, 1),
(1573, 6, '084', 11, 1),
(1574, 6, '084', 12, 1),
(1575, 6, '084', 13, 1),
(1576, 6, '084', 14, 1),
(1577, 6, '084', 15, 1),
(1578, 6, '084', 16, 1),
(1579, 6, '084', 17, 1),
(1580, 6, '084', 19, 1),
(1581, 3, '188', 10, 0),
(1582, 3, '188', 15, 0),
(1583, 3, '188', 18, 0),
(1584, 3, '188', 1, 1),
(1585, 3, '188', 2, 1),
(1586, 3, '188', 3, 1),
(1587, 3, '188', 4, 1),
(1588, 3, '188', 5, 1),
(1589, 3, '188', 6, 1),
(1590, 3, '188', 7, 1),
(1591, 3, '188', 8, 1),
(1592, 3, '188', 9, 1),
(1593, 3, '188', 11, 1),
(1594, 3, '188', 12, 1),
(1595, 3, '188', 13, 1),
(1596, 3, '188', 14, 1),
(1597, 3, '188', 16, 1),
(1598, 3, '188', 17, 1),
(1599, 3, '188', 19, 1),
(1600, 3, '188', 20, 1),
(1601, 6, '162', 4, 0),
(1602, 6, '162', 15, 0),
(1603, 6, '162', 19, 0),
(1604, 6, '162', 1, 1),
(1605, 6, '162', 2, 1),
(1606, 6, '162', 3, 1),
(1607, 6, '162', 5, 1),
(1608, 6, '162', 6, 1),
(1609, 6, '162', 7, 1),
(1610, 6, '162', 8, 1),
(1611, 6, '162', 9, 1),
(1612, 6, '162', 10, 1),
(1613, 6, '162', 11, 1),
(1614, 6, '162', 12, 1),
(1615, 6, '162', 13, 1),
(1616, 6, '162', 14, 1),
(1617, 6, '162', 16, 1),
(1618, 6, '162', 17, 1),
(1619, 6, '162', 18, 1),
(1620, 6, '162', 20, 1),
(1621, 4, '071', 9, 0),
(1622, 4, '071', 13, 0),
(1623, 4, '071', 17, 0),
(1624, 4, '071', 1, 1),
(1625, 4, '071', 2, 1),
(1626, 4, '071', 3, 1),
(1627, 4, '071', 4, 1),
(1628, 4, '071', 5, 1),
(1629, 4, '071', 6, 1),
(1630, 4, '071', 7, 1),
(1631, 4, '071', 8, 1),
(1632, 4, '071', 10, 1),
(1633, 4, '071', 11, 1),
(1634, 4, '071', 12, 1),
(1635, 4, '071', 14, 1),
(1636, 4, '071', 15, 1),
(1637, 4, '071', 16, 1),
(1638, 4, '071', 18, 1),
(1639, 4, '071', 19, 1),
(1640, 4, '071', 20, 1),
(1641, 3, '184', 11, 0),
(1642, 3, '184', 17, 0),
(1643, 3, '184', 19, 0),
(1644, 3, '184', 1, 1),
(1645, 3, '184', 2, 1),
(1646, 3, '184', 3, 1),
(1647, 3, '184', 4, 1),
(1648, 3, '184', 5, 1),
(1649, 3, '184', 6, 1),
(1650, 3, '184', 7, 1),
(1651, 3, '184', 8, 1),
(1652, 3, '184', 9, 1),
(1653, 3, '184', 10, 1),
(1654, 3, '184', 12, 1),
(1655, 3, '184', 13, 1),
(1656, 3, '184', 14, 1),
(1657, 3, '184', 15, 1),
(1658, 3, '184', 16, 1),
(1659, 3, '184', 18, 1),
(1660, 3, '184', 20, 1),
(1661, 6, '165', 2, 0),
(1662, 6, '165', 5, 0),
(1663, 6, '165', 20, 0),
(1664, 6, '165', 1, 1),
(1665, 6, '165', 3, 1),
(1666, 6, '165', 4, 1),
(1667, 6, '165', 6, 1),
(1668, 6, '165', 7, 1),
(1669, 6, '165', 8, 1),
(1670, 6, '165', 9, 1),
(1671, 6, '165', 10, 1),
(1672, 6, '165', 11, 1),
(1673, 6, '165', 12, 1),
(1674, 6, '165', 13, 1),
(1675, 6, '165', 14, 1),
(1676, 6, '165', 15, 1),
(1677, 6, '165', 16, 1),
(1678, 6, '165', 17, 1),
(1679, 6, '165', 18, 1),
(1680, 6, '165', 19, 1),
(1681, 2, '125', 3, 0),
(1682, 2, '125', 5, 0),
(1683, 2, '125', 6, 0),
(1684, 2, '125', 1, 1),
(1685, 2, '125', 2, 1),
(1686, 2, '125', 4, 1),
(1687, 2, '125', 7, 1),
(1688, 2, '125', 8, 1),
(1689, 2, '125', 9, 1),
(1690, 2, '125', 10, 1),
(1691, 2, '125', 11, 1),
(1692, 2, '125', 12, 1),
(1693, 2, '125', 13, 1),
(1694, 2, '125', 14, 1),
(1695, 2, '125', 15, 1),
(1696, 2, '125', 16, 1),
(1697, 2, '125', 17, 1),
(1698, 2, '125', 18, 1),
(1699, 2, '125', 19, 1),
(1700, 2, '125', 20, 1),
(1701, 4, '050', 14, 0),
(1702, 4, '050', 15, 0),
(1703, 4, '050', 16, 0),
(1704, 4, '050', 1, 1),
(1705, 4, '050', 2, 1),
(1706, 4, '050', 3, 1),
(1707, 4, '050', 4, 1),
(1708, 4, '050', 5, 1),
(1709, 4, '050', 6, 1),
(1710, 4, '050', 7, 1),
(1711, 4, '050', 8, 1),
(1712, 4, '050', 9, 1),
(1713, 4, '050', 10, 1),
(1714, 4, '050', 11, 1),
(1715, 4, '050', 12, 1),
(1716, 4, '050', 13, 1),
(1717, 4, '050', 17, 1),
(1718, 4, '050', 18, 1),
(1719, 4, '050', 19, 1),
(1720, 4, '050', 20, 1),
(1721, 5, '114', 15, 0),
(1722, 5, '114', 18, 0),
(1723, 5, '114', 20, 0),
(1724, 5, '114', 1, 1),
(1725, 5, '114', 2, 1),
(1726, 5, '114', 3, 1),
(1727, 5, '114', 4, 1),
(1728, 5, '114', 5, 1),
(1729, 5, '114', 6, 1),
(1730, 5, '114', 7, 1),
(1731, 5, '114', 8, 1),
(1732, 5, '114', 9, 1),
(1733, 5, '114', 10, 1),
(1734, 5, '114', 11, 1),
(1735, 5, '114', 12, 1),
(1736, 5, '114', 13, 1),
(1737, 5, '114', 14, 1),
(1738, 5, '114', 16, 1),
(1739, 5, '114', 17, 1),
(1740, 5, '114', 19, 1),
(1741, 3, '041', 6, 0),
(1742, 3, '041', 12, 0),
(1743, 3, '041', 16, 0),
(1744, 3, '041', 1, 1),
(1745, 3, '041', 2, 1),
(1746, 3, '041', 3, 1),
(1747, 3, '041', 4, 1),
(1748, 3, '041', 5, 1),
(1749, 3, '041', 7, 1),
(1750, 3, '041', 8, 1),
(1751, 3, '041', 9, 1),
(1752, 3, '041', 10, 1),
(1753, 3, '041', 11, 1),
(1754, 3, '041', 13, 1),
(1755, 3, '041', 14, 1),
(1756, 3, '041', 15, 1),
(1757, 3, '041', 17, 1),
(1758, 3, '041', 18, 1),
(1759, 3, '041', 19, 1),
(1760, 3, '041', 20, 1),
(1761, 2, '090', 15, 0),
(1762, 2, '090', 16, 0),
(1763, 2, '090', 20, 0),
(1764, 2, '090', 1, 1),
(1765, 2, '090', 2, 1),
(1766, 2, '090', 3, 1),
(1767, 2, '090', 4, 1),
(1768, 2, '090', 5, 1),
(1769, 2, '090', 6, 1),
(1770, 2, '090', 7, 1),
(1771, 2, '090', 8, 1),
(1772, 2, '090', 9, 1),
(1773, 2, '090', 10, 1),
(1774, 2, '090', 11, 1),
(1775, 2, '090', 12, 1),
(1776, 2, '090', 13, 1),
(1777, 2, '090', 14, 1),
(1778, 2, '090', 17, 1),
(1779, 2, '090', 18, 1),
(1780, 2, '090', 19, 1),
(1781, 4, '064', 11, 0),
(1782, 4, '064', 17, 0),
(1783, 4, '064', 18, 0),
(1784, 4, '064', 1, 1),
(1785, 4, '064', 2, 1),
(1786, 4, '064', 3, 1),
(1787, 4, '064', 4, 1),
(1788, 4, '064', 5, 1),
(1789, 4, '064', 6, 1),
(1790, 4, '064', 7, 1),
(1791, 4, '064', 8, 1),
(1792, 4, '064', 9, 1),
(1793, 4, '064', 10, 1),
(1794, 4, '064', 12, 1),
(1795, 4, '064', 13, 1),
(1796, 4, '064', 14, 1),
(1797, 4, '064', 15, 1),
(1798, 4, '064', 16, 1),
(1799, 4, '064', 19, 1),
(1800, 4, '064', 20, 1),
(1801, 6, '143', 11, 0),
(1802, 6, '143', 13, 0),
(1803, 6, '143', 15, 0),
(1804, 6, '143', 1, 1),
(1805, 6, '143', 2, 1),
(1806, 6, '143', 3, 1),
(1807, 6, '143', 4, 1),
(1808, 6, '143', 5, 1),
(1809, 6, '143', 6, 1),
(1810, 6, '143', 7, 1),
(1811, 6, '143', 8, 1),
(1812, 6, '143', 9, 1),
(1813, 6, '143', 10, 1),
(1814, 6, '143', 12, 1),
(1815, 6, '143', 14, 1),
(1816, 6, '143', 16, 1),
(1817, 6, '143', 17, 1),
(1818, 6, '143', 18, 1),
(1819, 6, '143', 19, 1),
(1820, 6, '143', 20, 1),
(1821, 5, '081', 12, 0),
(1822, 5, '081', 16, 0),
(1823, 5, '081', 19, 0),
(1824, 5, '081', 1, 1),
(1825, 5, '081', 2, 1),
(1826, 5, '081', 3, 1),
(1827, 5, '081', 4, 1),
(1828, 5, '081', 5, 1),
(1829, 5, '081', 6, 1),
(1830, 5, '081', 7, 1),
(1831, 5, '081', 8, 1),
(1832, 5, '081', 9, 1),
(1833, 5, '081', 10, 1),
(1834, 5, '081', 11, 1),
(1835, 5, '081', 13, 1),
(1836, 5, '081', 14, 1),
(1837, 5, '081', 15, 1),
(1838, 5, '081', 17, 1),
(1839, 5, '081', 18, 1),
(1840, 5, '081', 20, 1),
(1841, 3, '158', 3, 0),
(1842, 3, '158', 5, 0),
(1843, 3, '158', 18, 0),
(1844, 3, '158', 1, 1),
(1845, 3, '158', 2, 1),
(1846, 3, '158', 4, 1),
(1847, 3, '158', 6, 1),
(1848, 3, '158', 7, 1),
(1849, 3, '158', 8, 1),
(1850, 3, '158', 9, 1),
(1851, 3, '158', 10, 1),
(1852, 3, '158', 11, 1),
(1853, 3, '158', 12, 1),
(1854, 3, '158', 13, 1),
(1855, 3, '158', 14, 1),
(1856, 3, '158', 15, 1),
(1857, 3, '158', 16, 1),
(1858, 3, '158', 17, 1),
(1859, 3, '158', 19, 1),
(1860, 3, '158', 20, 1),
(1861, 2, '093', 10, 0),
(1862, 2, '093', 19, 0),
(1863, 2, '093', 20, 0),
(1864, 2, '093', 1, 1),
(1865, 2, '093', 2, 1),
(1866, 2, '093', 3, 1),
(1867, 2, '093', 4, 1),
(1868, 2, '093', 5, 1),
(1869, 2, '093', 6, 1),
(1870, 2, '093', 7, 1),
(1871, 2, '093', 8, 1),
(1872, 2, '093', 9, 1),
(1873, 2, '093', 11, 1),
(1874, 2, '093', 12, 1),
(1875, 2, '093', 13, 1),
(1876, 2, '093', 14, 1),
(1877, 2, '093', 15, 1),
(1878, 2, '093', 16, 1),
(1879, 2, '093', 17, 1),
(1880, 2, '093', 18, 1),
(1881, 4, '121', 3, 0),
(1882, 4, '121', 16, 0),
(1883, 4, '121', 18, 0),
(1884, 4, '121', 1, 1),
(1885, 4, '121', 2, 1),
(1886, 4, '121', 4, 1),
(1887, 4, '121', 5, 1),
(1888, 4, '121', 6, 1),
(1889, 4, '121', 7, 1),
(1890, 4, '121', 8, 1),
(1891, 4, '121', 9, 1),
(1892, 4, '121', 10, 1),
(1893, 4, '121', 11, 1),
(1894, 4, '121', 12, 1),
(1895, 4, '121', 13, 1),
(1896, 4, '121', 14, 1),
(1897, 4, '121', 15, 1),
(1898, 4, '121', 17, 1),
(1899, 4, '121', 19, 1),
(1900, 4, '121', 20, 1),
(1901, 5, '074', 11, 0),
(1902, 5, '074', 19, 0),
(1903, 5, '074', 20, 0),
(1904, 5, '074', 1, 1),
(1905, 5, '074', 2, 1),
(1906, 5, '074', 3, 1),
(1907, 5, '074', 4, 1),
(1908, 5, '074', 5, 1),
(1909, 5, '074', 6, 1),
(1910, 5, '074', 7, 1),
(1911, 5, '074', 8, 1),
(1912, 5, '074', 9, 1),
(1913, 5, '074', 10, 1),
(1914, 5, '074', 12, 1),
(1915, 5, '074', 13, 1),
(1916, 5, '074', 14, 1),
(1917, 5, '074', 15, 1),
(1918, 5, '074', 16, 1),
(1919, 5, '074', 17, 1),
(1920, 5, '074', 18, 1),
(1921, 2, '083', 6, 0),
(1922, 2, '083', 18, 0),
(1923, 2, '083', 20, 0),
(1924, 2, '083', 1, 1),
(1925, 2, '083', 2, 1),
(1926, 2, '083', 3, 1),
(1927, 2, '083', 4, 1),
(1928, 2, '083', 5, 1),
(1929, 2, '083', 7, 1),
(1930, 2, '083', 8, 1),
(1931, 2, '083', 9, 1),
(1932, 2, '083', 10, 1),
(1933, 2, '083', 11, 1),
(1934, 2, '083', 12, 1),
(1935, 2, '083', 13, 1),
(1936, 2, '083', 14, 1),
(1937, 2, '083', 15, 1),
(1938, 2, '083', 16, 1),
(1939, 2, '083', 17, 1),
(1940, 2, '083', 19, 1),
(1941, 6, '051', 2, 0),
(1942, 6, '051', 6, 0),
(1943, 6, '051', 15, 0),
(1944, 6, '051', 1, 1),
(1945, 6, '051', 3, 1),
(1946, 6, '051', 4, 1),
(1947, 6, '051', 5, 1),
(1948, 6, '051', 7, 1),
(1949, 6, '051', 8, 1),
(1950, 6, '051', 9, 1),
(1951, 6, '051', 10, 1),
(1952, 6, '051', 11, 1),
(1953, 6, '051', 12, 1),
(1954, 6, '051', 13, 1),
(1955, 6, '051', 14, 1),
(1956, 6, '051', 16, 1),
(1957, 6, '051', 17, 1),
(1958, 6, '051', 18, 1),
(1959, 6, '051', 19, 1),
(1960, 6, '051', 20, 1),
(1961, 4, '127', 5, 0),
(1962, 4, '127', 6, 0),
(1963, 4, '127', 16, 0),
(1964, 4, '127', 1, 1),
(1965, 4, '127', 2, 1),
(1966, 4, '127', 3, 1),
(1967, 4, '127', 4, 1),
(1968, 4, '127', 7, 1),
(1969, 4, '127', 8, 1),
(1970, 4, '127', 9, 1),
(1971, 4, '127', 10, 1),
(1972, 4, '127', 11, 1),
(1973, 4, '127', 12, 1),
(1974, 4, '127', 13, 1),
(1975, 4, '127', 14, 1),
(1976, 4, '127', 15, 1),
(1977, 4, '127', 17, 1),
(1978, 4, '127', 18, 1),
(1979, 4, '127', 19, 1),
(1980, 4, '127', 20, 1),
(1981, 5, '049', 10, 0),
(1982, 5, '049', 13, 0),
(1983, 5, '049', 15, 0),
(1984, 5, '049', 1, 1),
(1985, 5, '049', 2, 1),
(1986, 5, '049', 3, 1),
(1987, 5, '049', 4, 1),
(1988, 5, '049', 5, 1),
(1989, 5, '049', 6, 1),
(1990, 5, '049', 7, 1),
(1991, 5, '049', 8, 1),
(1992, 5, '049', 9, 1),
(1993, 5, '049', 11, 1),
(1994, 5, '049', 12, 1),
(1995, 5, '049', 14, 1),
(1996, 5, '049', 16, 1),
(1997, 5, '049', 17, 1),
(1998, 5, '049', 18, 1),
(1999, 5, '049', 19, 1),
(2000, 5, '049', 20, 1),
(2001, 2, '172', 3, 0),
(2002, 2, '172', 7, 0),
(2003, 2, '172', 14, 0),
(2004, 2, '172', 1, 1),
(2005, 2, '172', 2, 1),
(2006, 2, '172', 4, 1),
(2007, 2, '172', 5, 1),
(2008, 2, '172', 6, 1),
(2009, 2, '172', 8, 1),
(2010, 2, '172', 9, 1),
(2011, 2, '172', 10, 1),
(2012, 2, '172', 11, 1),
(2013, 2, '172', 12, 1),
(2014, 2, '172', 13, 1),
(2015, 2, '172', 15, 1),
(2016, 2, '172', 16, 1),
(2017, 2, '172', 17, 1),
(2018, 2, '172', 18, 1),
(2019, 2, '172', 19, 1),
(2020, 2, '172', 20, 1),
(2021, 6, '105', 15, 0),
(2022, 6, '105', 18, 0),
(2023, 6, '105', 19, 0),
(2024, 6, '105', 1, 1),
(2025, 6, '105', 2, 1),
(2026, 6, '105', 3, 1),
(2027, 6, '105', 4, 1),
(2028, 6, '105', 5, 1),
(2029, 6, '105', 6, 1),
(2030, 6, '105', 7, 1),
(2031, 6, '105', 8, 1),
(2032, 6, '105', 9, 1),
(2033, 6, '105', 10, 1),
(2034, 6, '105', 11, 1),
(2035, 6, '105', 12, 1),
(2036, 6, '105', 13, 1),
(2037, 6, '105', 14, 1),
(2038, 6, '105', 16, 1),
(2039, 6, '105', 17, 1),
(2040, 6, '105', 20, 1),
(2041, 5, '088', 1, 0),
(2042, 5, '088', 9, 0),
(2043, 5, '088', 19, 0),
(2044, 5, '088', 2, 1),
(2045, 5, '088', 3, 1),
(2046, 5, '088', 4, 1),
(2047, 5, '088', 5, 1),
(2048, 5, '088', 6, 1),
(2049, 5, '088', 7, 1),
(2050, 5, '088', 8, 1),
(2051, 5, '088', 10, 1),
(2052, 5, '088', 11, 1),
(2053, 5, '088', 12, 1),
(2054, 5, '088', 13, 1),
(2055, 5, '088', 14, 1),
(2056, 5, '088', 15, 1),
(2057, 5, '088', 16, 1),
(2058, 5, '088', 17, 1),
(2059, 5, '088', 18, 1),
(2060, 5, '088', 20, 1),
(2061, 4, '010', 12, 0),
(2062, 4, '010', 17, 0),
(2063, 4, '010', 20, 0),
(2064, 4, '010', 1, 1),
(2065, 4, '010', 2, 1),
(2066, 4, '010', 3, 1),
(2067, 4, '010', 4, 1),
(2068, 4, '010', 5, 1),
(2069, 4, '010', 6, 1),
(2070, 4, '010', 7, 1),
(2071, 4, '010', 8, 1),
(2072, 4, '010', 9, 1),
(2073, 4, '010', 10, 1),
(2074, 4, '010', 11, 1),
(2075, 4, '010', 13, 1),
(2076, 4, '010', 14, 1),
(2077, 4, '010', 15, 1),
(2078, 4, '010', 16, 1),
(2079, 4, '010', 18, 1),
(2080, 4, '010', 19, 1),
(2081, 2, '113', 15, 0),
(2082, 2, '113', 17, 0),
(2083, 2, '113', 19, 0),
(2084, 2, '113', 1, 1),
(2085, 2, '113', 2, 1),
(2086, 2, '113', 3, 1),
(2087, 2, '113', 4, 1),
(2088, 2, '113', 5, 1),
(2089, 2, '113', 6, 1),
(2090, 2, '113', 7, 1),
(2091, 2, '113', 8, 1),
(2092, 2, '113', 9, 1),
(2093, 2, '113', 10, 1),
(2094, 2, '113', 11, 1),
(2095, 2, '113', 12, 1),
(2096, 2, '113', 13, 1),
(2097, 2, '113', 14, 1),
(2098, 2, '113', 16, 1),
(2099, 2, '113', 18, 1),
(2100, 2, '113', 20, 1),
(2101, 6, '108', 3, 0),
(2102, 6, '108', 6, 0),
(2103, 6, '108', 19, 0),
(2104, 6, '108', 1, 1),
(2105, 6, '108', 2, 1),
(2106, 6, '108', 4, 1),
(2107, 6, '108', 5, 1),
(2108, 6, '108', 7, 1),
(2109, 6, '108', 8, 1),
(2110, 6, '108', 9, 1),
(2111, 6, '108', 10, 1),
(2112, 6, '108', 11, 1),
(2113, 6, '108', 12, 1),
(2114, 6, '108', 13, 1),
(2115, 6, '108', 14, 1),
(2116, 6, '108', 15, 1),
(2117, 6, '108', 16, 1),
(2118, 6, '108', 17, 1),
(2119, 6, '108', 18, 1),
(2120, 6, '108', 20, 1),
(2121, 3, '030', 3, 0),
(2122, 3, '030', 6, 0),
(2123, 3, '030', 11, 0),
(2124, 3, '030', 1, 1),
(2125, 3, '030', 2, 1),
(2126, 3, '030', 4, 1),
(2127, 3, '030', 5, 1),
(2128, 3, '030', 7, 1),
(2129, 3, '030', 8, 1),
(2130, 3, '030', 9, 1),
(2131, 3, '030', 10, 1),
(2132, 3, '030', 12, 1),
(2133, 3, '030', 13, 1),
(2134, 3, '030', 14, 1),
(2135, 3, '030', 15, 1),
(2136, 3, '030', 16, 1),
(2137, 3, '030', 17, 1),
(2138, 3, '030', 18, 1),
(2139, 3, '030', 19, 1),
(2140, 3, '030', 20, 1),
(2141, 5, '062', 11, 0),
(2142, 5, '062', 12, 0),
(2143, 5, '062', 20, 0),
(2144, 5, '062', 1, 1),
(2145, 5, '062', 2, 1),
(2146, 5, '062', 3, 1),
(2147, 5, '062', 4, 1),
(2148, 5, '062', 5, 1),
(2149, 5, '062', 6, 1),
(2150, 5, '062', 7, 1),
(2151, 5, '062', 8, 1),
(2152, 5, '062', 9, 1),
(2153, 5, '062', 10, 1),
(2154, 5, '062', 13, 1),
(2155, 5, '062', 14, 1),
(2156, 5, '062', 15, 1),
(2157, 5, '062', 16, 1),
(2158, 5, '062', 17, 1),
(2159, 5, '062', 18, 1),
(2160, 5, '062', 19, 1),
(2161, 4, '016', 3, 0),
(2162, 4, '016', 7, 0),
(2163, 4, '016', 16, 0),
(2164, 4, '016', 1, 1),
(2165, 4, '016', 2, 1),
(2166, 4, '016', 4, 1),
(2167, 4, '016', 5, 1),
(2168, 4, '016', 6, 1),
(2169, 4, '016', 8, 1),
(2170, 4, '016', 9, 1),
(2171, 4, '016', 10, 1),
(2172, 4, '016', 11, 1),
(2173, 4, '016', 12, 1),
(2174, 4, '016', 13, 1),
(2175, 4, '016', 14, 1),
(2176, 4, '016', 15, 1),
(2177, 4, '016', 17, 1),
(2178, 4, '016', 18, 1),
(2179, 4, '016', 19, 1),
(2180, 4, '016', 20, 1),
(2181, 2, '190', 15, 0),
(2182, 2, '190', 18, 0),
(2183, 2, '190', 20, 0),
(2184, 2, '190', 1, 1),
(2185, 2, '190', 2, 1),
(2186, 2, '190', 3, 1),
(2187, 2, '190', 4, 1),
(2188, 2, '190', 5, 1),
(2189, 2, '190', 6, 1),
(2190, 2, '190', 7, 1),
(2191, 2, '190', 8, 1),
(2192, 2, '190', 9, 1),
(2193, 2, '190', 10, 1),
(2194, 2, '190', 11, 1),
(2195, 2, '190', 12, 1),
(2196, 2, '190', 13, 1),
(2197, 2, '190', 14, 1),
(2198, 2, '190', 16, 1),
(2199, 2, '190', 17, 1),
(2200, 2, '190', 19, 1),
(2201, 6, '186', 17, 0),
(2202, 6, '186', 18, 0),
(2203, 6, '186', 19, 0),
(2204, 6, '186', 1, 1),
(2205, 6, '186', 2, 1),
(2206, 6, '186', 3, 1),
(2207, 6, '186', 4, 1),
(2208, 6, '186', 5, 1),
(2209, 6, '186', 6, 1),
(2210, 6, '186', 7, 1),
(2211, 6, '186', 8, 1),
(2212, 6, '186', 9, 1),
(2213, 6, '186', 10, 1),
(2214, 6, '186', 11, 1),
(2215, 6, '186', 12, 1),
(2216, 6, '186', 13, 1),
(2217, 6, '186', 14, 1),
(2218, 6, '186', 15, 1),
(2219, 6, '186', 16, 1),
(2220, 6, '186', 20, 1),
(2221, 3, '011', 15, 0),
(2222, 3, '011', 18, 0),
(2223, 3, '011', 20, 0),
(2224, 3, '011', 1, 1),
(2225, 3, '011', 2, 1),
(2226, 3, '011', 3, 1),
(2227, 3, '011', 4, 1),
(2228, 3, '011', 5, 1),
(2229, 3, '011', 6, 1),
(2230, 3, '011', 7, 1),
(2231, 3, '011', 8, 1),
(2232, 3, '011', 9, 1),
(2233, 3, '011', 10, 1),
(2234, 3, '011', 11, 1),
(2235, 3, '011', 12, 1),
(2236, 3, '011', 13, 1),
(2237, 3, '011', 14, 1),
(2238, 3, '011', 16, 1),
(2239, 3, '011', 17, 1),
(2240, 3, '011', 19, 1),
(2241, 5, '087', 10, 0),
(2242, 5, '087', 13, 0),
(2243, 5, '087', 15, 0),
(2244, 5, '087', 1, 1),
(2245, 5, '087', 2, 1),
(2246, 5, '087', 3, 1),
(2247, 5, '087', 4, 1),
(2248, 5, '087', 5, 1),
(2249, 5, '087', 6, 1),
(2250, 5, '087', 7, 1),
(2251, 5, '087', 8, 1),
(2252, 5, '087', 9, 1),
(2253, 5, '087', 11, 1),
(2254, 5, '087', 12, 1),
(2255, 5, '087', 14, 1),
(2256, 5, '087', 16, 1),
(2257, 5, '087', 17, 1),
(2258, 5, '087', 18, 1),
(2259, 5, '087', 19, 1),
(2260, 5, '087', 20, 1),
(2261, 4, '149', 5, 0),
(2262, 4, '149', 9, 0);
INSERT INTO `nscore` (`nsc_id`, `m_id`, `s_no`, `nc_id`, `nsc_result`) VALUES
(2263, 4, '149', 20, 0),
(2264, 4, '149', 1, 1),
(2265, 4, '149', 2, 1),
(2266, 4, '149', 3, 1),
(2267, 4, '149', 4, 1),
(2268, 4, '149', 6, 1),
(2269, 4, '149', 7, 1),
(2270, 4, '149', 8, 1),
(2271, 4, '149', 10, 1),
(2272, 4, '149', 11, 1),
(2273, 4, '149', 12, 1),
(2274, 4, '149', 13, 1),
(2275, 4, '149', 14, 1),
(2276, 4, '149', 15, 1),
(2277, 4, '149', 16, 1),
(2278, 4, '149', 17, 1),
(2279, 4, '149', 18, 1),
(2280, 4, '149', 19, 1),
(2281, 2, '115', 15, 0),
(2282, 2, '115', 19, 0),
(2283, 2, '115', 20, 0),
(2284, 2, '115', 1, 1),
(2285, 2, '115', 2, 1),
(2286, 2, '115', 3, 1),
(2287, 2, '115', 4, 1),
(2288, 2, '115', 5, 1),
(2289, 2, '115', 6, 1),
(2290, 2, '115', 7, 1),
(2291, 2, '115', 8, 1),
(2292, 2, '115', 9, 1),
(2293, 2, '115', 10, 1),
(2294, 2, '115', 11, 1),
(2295, 2, '115', 12, 1),
(2296, 2, '115', 13, 1),
(2297, 2, '115', 14, 1),
(2298, 2, '115', 16, 1),
(2299, 2, '115', 17, 1),
(2300, 2, '115', 18, 1),
(2301, 6, '040', 1, 0),
(2302, 6, '040', 2, 0),
(2303, 6, '040', 6, 0),
(2304, 6, '040', 3, 1),
(2305, 6, '040', 4, 1),
(2306, 6, '040', 5, 1),
(2307, 6, '040', 7, 1),
(2308, 6, '040', 8, 1),
(2309, 6, '040', 9, 1),
(2310, 6, '040', 10, 1),
(2311, 6, '040', 11, 1),
(2312, 6, '040', 12, 1),
(2313, 6, '040', 13, 1),
(2314, 6, '040', 14, 1),
(2315, 6, '040', 15, 1),
(2316, 6, '040', 16, 1),
(2317, 6, '040', 17, 1),
(2318, 6, '040', 18, 1),
(2319, 6, '040', 19, 1),
(2320, 6, '040', 20, 1),
(2341, 3, '181', 3, 0),
(2342, 3, '181', 5, 0),
(2343, 3, '181', 18, 0),
(2344, 3, '181', 1, 1),
(2345, 3, '181', 2, 1),
(2346, 3, '181', 4, 1),
(2347, 3, '181', 6, 1),
(2348, 3, '181', 7, 1),
(2349, 3, '181', 8, 1),
(2350, 3, '181', 9, 1),
(2351, 3, '181', 10, 1),
(2352, 3, '181', 11, 1),
(2353, 3, '181', 12, 1),
(2354, 3, '181', 13, 1),
(2355, 3, '181', 14, 1),
(2356, 3, '181', 15, 1),
(2357, 3, '181', 16, 1),
(2358, 3, '181', 17, 1),
(2359, 3, '181', 19, 1),
(2360, 3, '181', 20, 1),
(2361, 2, '103', 3, 0),
(2362, 2, '103', 6, 0),
(2363, 2, '103', 16, 0),
(2364, 2, '103', 1, 1),
(2365, 2, '103', 2, 1),
(2366, 2, '103', 4, 1),
(2367, 2, '103', 5, 1),
(2368, 2, '103', 7, 1),
(2369, 2, '103', 8, 1),
(2370, 2, '103', 9, 1),
(2371, 2, '103', 10, 1),
(2372, 2, '103', 11, 1),
(2373, 2, '103', 12, 1),
(2374, 2, '103', 13, 1),
(2375, 2, '103', 14, 1),
(2376, 2, '103', 15, 1),
(2377, 2, '103', 17, 1),
(2378, 2, '103', 18, 1),
(2379, 2, '103', 19, 1),
(2380, 2, '103', 20, 1),
(2381, 6, '044', 7, 0),
(2382, 6, '044', 15, 0),
(2383, 6, '044', 18, 0),
(2384, 6, '044', 1, 1),
(2385, 6, '044', 2, 1),
(2386, 6, '044', 3, 1),
(2387, 6, '044', 4, 1),
(2388, 6, '044', 5, 1),
(2389, 6, '044', 6, 1),
(2390, 6, '044', 8, 1),
(2391, 6, '044', 9, 1),
(2392, 6, '044', 10, 1),
(2393, 6, '044', 11, 1),
(2394, 6, '044', 12, 1),
(2395, 6, '044', 13, 1),
(2396, 6, '044', 14, 1),
(2397, 6, '044', 16, 1),
(2398, 6, '044', 17, 1),
(2399, 6, '044', 19, 1),
(2400, 6, '044', 20, 1),
(2401, 2, '116', 4, 0),
(2402, 2, '116', 6, 0),
(2403, 2, '116', 8, 0),
(2404, 2, '116', 1, 1),
(2405, 2, '116', 2, 1),
(2406, 2, '116', 3, 1),
(2407, 2, '116', 5, 1),
(2408, 2, '116', 7, 1),
(2409, 2, '116', 9, 1),
(2410, 2, '116', 10, 1),
(2411, 2, '116', 11, 1),
(2412, 2, '116', 12, 1),
(2413, 2, '116', 13, 1),
(2414, 2, '116', 14, 1),
(2415, 2, '116', 15, 1),
(2416, 2, '116', 16, 1),
(2417, 2, '116', 17, 1),
(2418, 2, '116', 18, 1),
(2419, 2, '116', 19, 1),
(2420, 2, '116', 20, 1),
(2421, 4, '008', 16, 0),
(2422, 4, '008', 18, 0),
(2423, 4, '008', 20, 0),
(2424, 4, '008', 1, 1),
(2425, 4, '008', 2, 1),
(2426, 4, '008', 3, 1),
(2427, 4, '008', 4, 1),
(2428, 4, '008', 5, 1),
(2429, 4, '008', 6, 1),
(2430, 4, '008', 7, 1),
(2431, 4, '008', 8, 1),
(2432, 4, '008', 9, 1),
(2433, 4, '008', 10, 1),
(2434, 4, '008', 11, 1),
(2435, 4, '008', 12, 1),
(2436, 4, '008', 13, 1),
(2437, 4, '008', 14, 1),
(2438, 4, '008', 15, 1),
(2439, 4, '008', 17, 1),
(2440, 4, '008', 19, 1),
(2441, 3, '020', 15, 0),
(2442, 3, '020', 18, 0),
(2443, 3, '020', 20, 0),
(2444, 3, '020', 1, 1),
(2445, 3, '020', 2, 1),
(2446, 3, '020', 3, 1),
(2447, 3, '020', 4, 1),
(2448, 3, '020', 5, 1),
(2449, 3, '020', 6, 1),
(2450, 3, '020', 7, 1),
(2451, 3, '020', 8, 1),
(2452, 3, '020', 9, 1),
(2453, 3, '020', 10, 1),
(2454, 3, '020', 11, 1),
(2455, 3, '020', 12, 1),
(2456, 3, '020', 13, 1),
(2457, 3, '020', 14, 1),
(2458, 3, '020', 16, 1),
(2459, 3, '020', 17, 1),
(2460, 3, '020', 19, 1),
(2461, 6, '080', 4, 0),
(2462, 6, '080', 6, 0),
(2463, 6, '080', 18, 0),
(2464, 6, '080', 1, 1),
(2465, 6, '080', 2, 1),
(2466, 6, '080', 3, 1),
(2467, 6, '080', 5, 1),
(2468, 6, '080', 7, 1),
(2469, 6, '080', 8, 1),
(2470, 6, '080', 9, 1),
(2471, 6, '080', 10, 1),
(2472, 6, '080', 11, 1),
(2473, 6, '080', 12, 1),
(2474, 6, '080', 13, 1),
(2475, 6, '080', 14, 1),
(2476, 6, '080', 15, 1),
(2477, 6, '080', 16, 1),
(2478, 6, '080', 17, 1),
(2479, 6, '080', 19, 1),
(2480, 6, '080', 20, 1),
(2481, 6, '065', 9, 0),
(2482, 6, '065', 16, 0),
(2483, 6, '065', 18, 0),
(2484, 6, '065', 1, 1),
(2485, 6, '065', 2, 1),
(2486, 6, '065', 3, 1),
(2487, 6, '065', 4, 1),
(2488, 6, '065', 5, 1),
(2489, 6, '065', 6, 1),
(2490, 6, '065', 7, 1),
(2491, 6, '065', 8, 1),
(2492, 6, '065', 10, 1),
(2493, 6, '065', 11, 1),
(2494, 6, '065', 12, 1),
(2495, 6, '065', 13, 1),
(2496, 6, '065', 14, 1),
(2497, 6, '065', 15, 1),
(2498, 6, '065', 17, 1),
(2499, 6, '065', 19, 1),
(2500, 6, '065', 20, 1),
(2501, 3, '180', 10, 0),
(2502, 3, '180', 14, 0),
(2503, 3, '180', 18, 0),
(2504, 3, '180', 1, 1),
(2505, 3, '180', 2, 1),
(2506, 3, '180', 3, 1),
(2507, 3, '180', 4, 1),
(2508, 3, '180', 5, 1),
(2509, 3, '180', 6, 1),
(2510, 3, '180', 7, 1),
(2511, 3, '180', 8, 1),
(2512, 3, '180', 9, 1),
(2513, 3, '180', 11, 1),
(2514, 3, '180', 12, 1),
(2515, 3, '180', 13, 1),
(2516, 3, '180', 15, 1),
(2517, 3, '180', 16, 1),
(2518, 3, '180', 17, 1),
(2519, 3, '180', 19, 1),
(2520, 3, '180', 20, 1),
(2521, 4, '176', 15, 0),
(2522, 4, '176', 19, 0),
(2523, 4, '176', 20, 0),
(2524, 4, '176', 1, 1),
(2525, 4, '176', 2, 1),
(2526, 4, '176', 3, 1),
(2527, 4, '176', 4, 1),
(2528, 4, '176', 5, 1),
(2529, 4, '176', 6, 1),
(2530, 4, '176', 7, 1),
(2531, 4, '176', 8, 1),
(2532, 4, '176', 9, 1),
(2533, 4, '176', 10, 1),
(2534, 4, '176', 11, 1),
(2535, 4, '176', 12, 1),
(2536, 4, '176', 13, 1),
(2537, 4, '176', 14, 1),
(2538, 4, '176', 16, 1),
(2539, 4, '176', 17, 1),
(2540, 4, '176', 18, 1),
(2541, 6, '067', 5, 0),
(2542, 6, '067', 6, 0),
(2543, 6, '067', 16, 0),
(2544, 6, '067', 1, 1),
(2545, 6, '067', 2, 1),
(2546, 6, '067', 3, 1),
(2547, 6, '067', 4, 1),
(2548, 6, '067', 7, 1),
(2549, 6, '067', 8, 1),
(2550, 6, '067', 9, 1),
(2551, 6, '067', 10, 1),
(2552, 6, '067', 11, 1),
(2553, 6, '067', 12, 1),
(2554, 6, '067', 13, 1),
(2555, 6, '067', 14, 1),
(2556, 6, '067', 15, 1),
(2557, 6, '067', 17, 1),
(2558, 6, '067', 18, 1),
(2559, 6, '067', 19, 1),
(2560, 6, '067', 20, 1),
(2561, 4, '130', 13, 0),
(2562, 4, '130', 15, 0),
(2563, 4, '130', 19, 0),
(2564, 4, '130', 1, 1),
(2565, 4, '130', 2, 1),
(2566, 4, '130', 3, 1),
(2567, 4, '130', 4, 1),
(2568, 4, '130', 5, 1),
(2569, 4, '130', 6, 1),
(2570, 4, '130', 7, 1),
(2571, 4, '130', 8, 1),
(2572, 4, '130', 9, 1),
(2573, 4, '130', 10, 1),
(2574, 4, '130', 11, 1),
(2575, 4, '130', 12, 1),
(2576, 4, '130', 14, 1),
(2577, 4, '130', 16, 1),
(2578, 4, '130', 17, 1),
(2579, 4, '130', 18, 1),
(2580, 4, '130', 20, 1),
(2581, 3, '185', 15, 0),
(2582, 3, '185', 19, 0),
(2583, 3, '185', 20, 0),
(2584, 3, '185', 1, 1),
(2585, 3, '185', 2, 1),
(2586, 3, '185', 3, 1),
(2587, 3, '185', 4, 1),
(2588, 3, '185', 5, 1),
(2589, 3, '185', 6, 1),
(2590, 3, '185', 7, 1),
(2591, 3, '185', 8, 1),
(2592, 3, '185', 9, 1),
(2593, 3, '185', 10, 1),
(2594, 3, '185', 11, 1),
(2595, 3, '185', 12, 1),
(2596, 3, '185', 13, 1),
(2597, 3, '185', 14, 1),
(2598, 3, '185', 16, 1),
(2599, 3, '185', 17, 1),
(2600, 3, '185', 18, 1),
(2601, 6, '043', 9, 0),
(2602, 6, '043', 10, 0),
(2603, 6, '043', 19, 0),
(2604, 6, '043', 1, 1),
(2605, 6, '043', 2, 1),
(2606, 6, '043', 3, 1),
(2607, 6, '043', 4, 1),
(2608, 6, '043', 5, 1),
(2609, 6, '043', 6, 1),
(2610, 6, '043', 7, 1),
(2611, 6, '043', 8, 1),
(2612, 6, '043', 11, 1),
(2613, 6, '043', 12, 1),
(2614, 6, '043', 13, 1),
(2615, 6, '043', 14, 1),
(2616, 6, '043', 15, 1),
(2617, 6, '043', 16, 1),
(2618, 6, '043', 17, 1),
(2619, 6, '043', 18, 1),
(2620, 6, '043', 20, 1),
(2621, 2, '168', 4, 0),
(2622, 2, '168', 6, 0),
(2623, 2, '168', 20, 0),
(2624, 2, '168', 1, 1),
(2625, 2, '168', 2, 1),
(2626, 2, '168', 3, 1),
(2627, 2, '168', 5, 1),
(2628, 2, '168', 7, 1),
(2629, 2, '168', 8, 1),
(2630, 2, '168', 9, 1),
(2631, 2, '168', 10, 1),
(2632, 2, '168', 11, 1),
(2633, 2, '168', 12, 1),
(2634, 2, '168', 13, 1),
(2635, 2, '168', 14, 1),
(2636, 2, '168', 15, 1),
(2637, 2, '168', 16, 1),
(2638, 2, '168', 17, 1),
(2639, 2, '168', 18, 1),
(2640, 2, '168', 19, 1),
(2641, 5, '055', 13, 0),
(2642, 5, '055', 16, 0),
(2643, 5, '055', 20, 0),
(2644, 5, '055', 1, 1),
(2645, 5, '055', 2, 1),
(2646, 5, '055', 3, 1),
(2647, 5, '055', 4, 1),
(2648, 5, '055', 5, 1),
(2649, 5, '055', 6, 1),
(2650, 5, '055', 7, 1),
(2651, 5, '055', 8, 1),
(2652, 5, '055', 9, 1),
(2653, 5, '055', 10, 1),
(2654, 5, '055', 11, 1),
(2655, 5, '055', 12, 1),
(2656, 5, '055', 14, 1),
(2657, 5, '055', 15, 1),
(2658, 5, '055', 17, 1),
(2659, 5, '055', 18, 1),
(2660, 5, '055', 19, 1),
(2661, 4, '128', 16, 0),
(2662, 4, '128', 19, 0),
(2663, 4, '128', 20, 0),
(2664, 4, '128', 1, 1),
(2665, 4, '128', 2, 1),
(2666, 4, '128', 3, 1),
(2667, 4, '128', 4, 1),
(2668, 4, '128', 5, 1),
(2669, 4, '128', 6, 1),
(2670, 4, '128', 7, 1),
(2671, 4, '128', 8, 1),
(2672, 4, '128', 9, 1),
(2673, 4, '128', 10, 1),
(2674, 4, '128', 11, 1),
(2675, 4, '128', 12, 1),
(2676, 4, '128', 13, 1),
(2677, 4, '128', 14, 1),
(2678, 4, '128', 15, 1),
(2679, 4, '128', 17, 1),
(2680, 4, '128', 18, 1),
(2681, 6, '167', 6, 0),
(2682, 6, '167', 18, 0),
(2683, 6, '167', 20, 0),
(2684, 6, '167', 1, 1),
(2685, 6, '167', 2, 1),
(2686, 6, '167', 3, 1),
(2687, 6, '167', 4, 1),
(2688, 6, '167', 5, 1),
(2689, 6, '167', 7, 1),
(2690, 6, '167', 8, 1),
(2691, 6, '167', 9, 1),
(2692, 6, '167', 10, 1),
(2693, 6, '167', 11, 1),
(2694, 6, '167', 12, 1),
(2695, 6, '167', 13, 1),
(2696, 6, '167', 14, 1),
(2697, 6, '167', 15, 1),
(2698, 6, '167', 16, 1),
(2699, 6, '167', 17, 1),
(2700, 6, '167', 19, 1),
(2701, 2, '189', 7, 0),
(2702, 2, '189', 14, 0),
(2703, 2, '189', 18, 0),
(2704, 2, '189', 1, 1),
(2705, 2, '189', 2, 1),
(2706, 2, '189', 3, 1),
(2707, 2, '189', 4, 1),
(2708, 2, '189', 5, 1),
(2709, 2, '189', 6, 1),
(2710, 2, '189', 8, 1),
(2711, 2, '189', 9, 1),
(2712, 2, '189', 10, 1),
(2713, 2, '189', 11, 1),
(2714, 2, '189', 12, 1),
(2715, 2, '189', 13, 1),
(2716, 2, '189', 15, 1),
(2717, 2, '189', 16, 1),
(2718, 2, '189', 17, 1),
(2719, 2, '189', 19, 1),
(2720, 2, '189', 20, 1),
(2721, 5, '039', 6, 0),
(2722, 5, '039', 19, 0),
(2723, 5, '039', 20, 0),
(2724, 5, '039', 1, 1),
(2725, 5, '039', 2, 1),
(2726, 5, '039', 3, 1),
(2727, 5, '039', 4, 1),
(2728, 5, '039', 5, 1),
(2729, 5, '039', 7, 1),
(2730, 5, '039', 8, 1),
(2731, 5, '039', 9, 1),
(2732, 5, '039', 10, 1),
(2733, 5, '039', 11, 1),
(2734, 5, '039', 12, 1),
(2735, 5, '039', 13, 1),
(2736, 5, '039', 14, 1),
(2737, 5, '039', 15, 1),
(2738, 5, '039', 16, 1),
(2739, 5, '039', 17, 1),
(2740, 5, '039', 18, 1),
(2741, 4, '006', 5, 0),
(2742, 4, '006', 11, 0),
(2743, 4, '006', 14, 0),
(2744, 4, '006', 1, 1),
(2745, 4, '006', 2, 1),
(2746, 4, '006', 3, 1),
(2747, 4, '006', 4, 1),
(2748, 4, '006', 6, 1),
(2749, 4, '006', 7, 1),
(2750, 4, '006', 8, 1),
(2751, 4, '006', 9, 1),
(2752, 4, '006', 10, 1),
(2753, 4, '006', 12, 1),
(2754, 4, '006', 13, 1),
(2755, 4, '006', 15, 1),
(2756, 4, '006', 16, 1),
(2757, 4, '006', 17, 1),
(2758, 4, '006', 18, 1),
(2759, 4, '006', 19, 1),
(2760, 4, '006', 20, 1),
(2761, 6, '035', 10, 0),
(2762, 6, '035', 16, 0),
(2763, 6, '035', 19, 0),
(2764, 6, '035', 1, 1),
(2765, 6, '035', 2, 1),
(2766, 6, '035', 3, 1),
(2767, 6, '035', 4, 1),
(2768, 6, '035', 5, 1),
(2769, 6, '035', 6, 1),
(2770, 6, '035', 7, 1),
(2771, 6, '035', 8, 1),
(2772, 6, '035', 9, 1),
(2773, 6, '035', 11, 1),
(2774, 6, '035', 12, 1),
(2775, 6, '035', 13, 1),
(2776, 6, '035', 14, 1),
(2777, 6, '035', 15, 1),
(2778, 6, '035', 17, 1),
(2779, 6, '035', 18, 1),
(2780, 6, '035', 20, 1),
(2781, 2, '160', 13, 0),
(2782, 2, '160', 15, 0),
(2783, 2, '160', 16, 0),
(2784, 2, '160', 1, 1),
(2785, 2, '160', 2, 1),
(2786, 2, '160', 3, 1),
(2787, 2, '160', 4, 1),
(2788, 2, '160', 5, 1),
(2789, 2, '160', 6, 1),
(2790, 2, '160', 7, 1),
(2791, 2, '160', 8, 1),
(2792, 2, '160', 9, 1),
(2793, 2, '160', 10, 1),
(2794, 2, '160', 11, 1),
(2795, 2, '160', 12, 1),
(2796, 2, '160', 14, 1),
(2797, 2, '160', 17, 1),
(2798, 2, '160', 18, 1),
(2799, 2, '160', 19, 1),
(2800, 2, '160', 20, 1),
(2801, 5, '029', 10, 0),
(2802, 5, '029', 13, 0),
(2803, 5, '029', 20, 0),
(2804, 5, '029', 1, 1),
(2805, 5, '029', 2, 1),
(2806, 5, '029', 3, 1),
(2807, 5, '029', 4, 1),
(2808, 5, '029', 5, 1),
(2809, 5, '029', 6, 1),
(2810, 5, '029', 7, 1),
(2811, 5, '029', 8, 1),
(2812, 5, '029', 9, 1),
(2813, 5, '029', 11, 1),
(2814, 5, '029', 12, 1),
(2815, 5, '029', 14, 1),
(2816, 5, '029', 15, 1),
(2817, 5, '029', 16, 1),
(2818, 5, '029', 17, 1),
(2819, 5, '029', 18, 1),
(2820, 5, '029', 19, 1),
(2821, 6, '013', 6, 0),
(2822, 6, '013', 9, 0),
(2823, 6, '013', 20, 0),
(2824, 6, '013', 1, 1),
(2825, 6, '013', 2, 1),
(2826, 6, '013', 3, 1),
(2827, 6, '013', 4, 1),
(2828, 6, '013', 5, 1),
(2829, 6, '013', 7, 1),
(2830, 6, '013', 8, 1),
(2831, 6, '013', 10, 1),
(2832, 6, '013', 11, 1),
(2833, 6, '013', 12, 1),
(2834, 6, '013', 13, 1),
(2835, 6, '013', 14, 1),
(2836, 6, '013', 15, 1),
(2837, 6, '013', 16, 1),
(2838, 6, '013', 17, 1),
(2839, 6, '013', 18, 1),
(2840, 6, '013', 19, 1),
(2841, 2, '144', 2, 0),
(2842, 2, '144', 8, 0),
(2843, 2, '144', 18, 0),
(2844, 2, '144', 1, 1),
(2845, 2, '144', 3, 1),
(2846, 2, '144', 4, 1),
(2847, 2, '144', 5, 1),
(2848, 2, '144', 6, 1),
(2849, 2, '144', 7, 1),
(2850, 2, '144', 9, 1),
(2851, 2, '144', 10, 1),
(2852, 2, '144', 11, 1),
(2853, 2, '144', 12, 1),
(2854, 2, '144', 13, 1),
(2855, 2, '144', 14, 1),
(2856, 2, '144', 15, 1),
(2857, 2, '144', 16, 1),
(2858, 2, '144', 17, 1),
(2859, 2, '144', 19, 1),
(2860, 2, '144', 20, 1),
(2861, 6, '142', 10, 0),
(2862, 6, '142', 11, 0),
(2863, 6, '142', 17, 0),
(2864, 6, '142', 1, 1),
(2865, 6, '142', 2, 1),
(2866, 6, '142', 3, 1),
(2867, 6, '142', 4, 1),
(2868, 6, '142', 5, 1),
(2869, 6, '142', 6, 1),
(2870, 6, '142', 7, 1),
(2871, 6, '142', 8, 1),
(2872, 6, '142', 9, 1),
(2873, 6, '142', 12, 1),
(2874, 6, '142', 13, 1),
(2875, 6, '142', 14, 1),
(2876, 6, '142', 15, 1),
(2877, 6, '142', 16, 1),
(2878, 6, '142', 18, 1),
(2879, 6, '142', 19, 1),
(2880, 6, '142', 20, 1),
(2881, 5, '027', 7, 0),
(2882, 5, '027', 8, 0),
(2883, 5, '027', 13, 0),
(2884, 5, '027', 1, 1),
(2885, 5, '027', 2, 1),
(2886, 5, '027', 3, 1),
(2887, 5, '027', 4, 1),
(2888, 5, '027', 5, 1),
(2889, 5, '027', 6, 1),
(2890, 5, '027', 9, 1),
(2891, 5, '027', 10, 1),
(2892, 5, '027', 11, 1),
(2893, 5, '027', 12, 1),
(2894, 5, '027', 14, 1),
(2895, 5, '027', 15, 1),
(2896, 5, '027', 16, 1),
(2897, 5, '027', 17, 1),
(2898, 5, '027', 18, 1),
(2899, 5, '027', 19, 1),
(2900, 5, '027', 20, 1),
(2901, 6, '034', 10, 0),
(2902, 6, '034', 15, 0),
(2903, 6, '034', 16, 0),
(2904, 6, '034', 1, 1),
(2905, 6, '034', 2, 1),
(2906, 6, '034', 3, 1),
(2907, 6, '034', 4, 1),
(2908, 6, '034', 5, 1),
(2909, 6, '034', 6, 1),
(2910, 6, '034', 7, 1),
(2911, 6, '034', 8, 1),
(2912, 6, '034', 9, 1),
(2913, 6, '034', 11, 1),
(2914, 6, '034', 12, 1),
(2915, 6, '034', 13, 1),
(2916, 6, '034', 14, 1),
(2917, 6, '034', 17, 1),
(2918, 6, '034', 18, 1),
(2919, 6, '034', 19, 1),
(2920, 6, '034', 20, 1),
(2921, 4, '107', 5, 0),
(2922, 4, '107', 6, 0),
(2923, 4, '107', 17, 0),
(2924, 4, '107', 1, 1),
(2925, 4, '107', 2, 1),
(2926, 4, '107', 3, 1),
(2927, 4, '107', 4, 1),
(2928, 4, '107', 7, 1),
(2929, 4, '107', 8, 1),
(2930, 4, '107', 9, 1),
(2931, 4, '107', 10, 1),
(2932, 4, '107', 11, 1),
(2933, 4, '107', 12, 1),
(2934, 4, '107', 13, 1),
(2935, 4, '107', 14, 1),
(2936, 4, '107', 15, 1),
(2937, 4, '107', 16, 1),
(2938, 4, '107', 18, 1),
(2939, 4, '107', 19, 1),
(2940, 4, '107', 20, 1),
(2941, 5, '091', 18, 0),
(2942, 5, '091', 19, 0),
(2943, 5, '091', 20, 0),
(2944, 5, '091', 1, 1),
(2945, 5, '091', 2, 1),
(2946, 5, '091', 3, 1),
(2947, 5, '091', 4, 1),
(2948, 5, '091', 5, 1),
(2949, 5, '091', 6, 1),
(2950, 5, '091', 7, 1),
(2951, 5, '091', 8, 1),
(2952, 5, '091', 9, 1),
(2953, 5, '091', 10, 1),
(2954, 5, '091', 11, 1),
(2955, 5, '091', 12, 1),
(2956, 5, '091', 13, 1),
(2957, 5, '091', 14, 1),
(2958, 5, '091', 15, 1),
(2959, 5, '091', 16, 1),
(2960, 5, '091', 17, 1),
(2961, 6, '022', 5, 0),
(2962, 6, '022', 16, 0),
(2963, 6, '022', 19, 0),
(2964, 6, '022', 1, 1),
(2965, 6, '022', 2, 1),
(2966, 6, '022', 3, 1),
(2967, 6, '022', 4, 1),
(2968, 6, '022', 6, 1),
(2969, 6, '022', 7, 1),
(2970, 6, '022', 8, 1),
(2971, 6, '022', 9, 1),
(2972, 6, '022', 10, 1),
(2973, 6, '022', 11, 1),
(2974, 6, '022', 12, 1),
(2975, 6, '022', 13, 1),
(2976, 6, '022', 14, 1),
(2977, 6, '022', 15, 1),
(2978, 6, '022', 17, 1),
(2979, 6, '022', 18, 1),
(2980, 6, '022', 20, 1),
(2981, 4, '126', 8, 0),
(2982, 4, '126', 15, 0),
(2983, 4, '126', 16, 0),
(2984, 4, '126', 1, 1),
(2985, 4, '126', 2, 1),
(2986, 4, '126', 3, 1),
(2987, 4, '126', 4, 1),
(2988, 4, '126', 5, 1),
(2989, 4, '126', 6, 1),
(2990, 4, '126', 7, 1),
(2991, 4, '126', 9, 1),
(2992, 4, '126', 10, 1),
(2993, 4, '126', 11, 1),
(2994, 4, '126', 12, 1),
(2995, 4, '126', 13, 1),
(2996, 4, '126', 14, 1),
(2997, 4, '126', 17, 1),
(2998, 4, '126', 18, 1),
(2999, 4, '126', 19, 1),
(3000, 4, '126', 20, 1),
(3001, 6, '025', 5, 0),
(3002, 6, '025', 6, 0),
(3003, 6, '025', 18, 0),
(3004, 6, '025', 1, 1),
(3005, 6, '025', 2, 1),
(3006, 6, '025', 3, 1),
(3007, 6, '025', 4, 1),
(3008, 6, '025', 7, 1),
(3009, 6, '025', 8, 1),
(3010, 6, '025', 9, 1),
(3011, 6, '025', 10, 1),
(3012, 6, '025', 11, 1),
(3013, 6, '025', 12, 1),
(3014, 6, '025', 13, 1),
(3015, 6, '025', 14, 1),
(3016, 6, '025', 15, 1),
(3017, 6, '025', 16, 1),
(3018, 6, '025', 17, 1),
(3019, 6, '025', 19, 1),
(3020, 6, '025', 20, 1),
(3021, 4, '003', 15, 0),
(3022, 4, '003', 19, 0),
(3023, 4, '003', 20, 0),
(3024, 4, '003', 1, 1),
(3025, 4, '003', 2, 1),
(3026, 4, '003', 3, 1),
(3027, 4, '003', 4, 1),
(3028, 4, '003', 5, 1),
(3029, 4, '003', 6, 1),
(3030, 4, '003', 7, 1),
(3031, 4, '003', 8, 1),
(3032, 4, '003', 9, 1),
(3033, 4, '003', 10, 1),
(3034, 4, '003', 11, 1),
(3035, 4, '003', 12, 1),
(3036, 4, '003', 13, 1),
(3037, 4, '003', 14, 1),
(3038, 4, '003', 16, 1),
(3039, 4, '003', 17, 1),
(3040, 4, '003', 18, 1),
(3041, 5, '187', 7, 0),
(3042, 5, '187', 9, 0),
(3043, 5, '187', 18, 0),
(3044, 5, '187', 1, 1),
(3045, 5, '187', 2, 1),
(3046, 5, '187', 3, 1),
(3047, 5, '187', 4, 1),
(3048, 5, '187', 5, 1),
(3049, 5, '187', 6, 1),
(3050, 5, '187', 8, 1),
(3051, 5, '187', 10, 1),
(3052, 5, '187', 11, 1),
(3053, 5, '187', 12, 1),
(3054, 5, '187', 13, 1),
(3055, 5, '187', 14, 1),
(3056, 5, '187', 15, 1),
(3057, 5, '187', 16, 1),
(3058, 5, '187', 17, 1),
(3059, 5, '187', 19, 1),
(3060, 5, '187', 20, 1),
(3061, 6, '005', 3, 0),
(3062, 6, '005', 9, 0),
(3063, 6, '005', 10, 0),
(3064, 6, '005', 1, 1),
(3065, 6, '005', 2, 1),
(3066, 6, '005', 4, 1),
(3067, 6, '005', 5, 1),
(3068, 6, '005', 6, 1),
(3069, 6, '005', 7, 1),
(3070, 6, '005', 8, 1),
(3071, 6, '005', 11, 1),
(3072, 6, '005', 12, 1),
(3073, 6, '005', 13, 1),
(3074, 6, '005', 14, 1),
(3075, 6, '005', 15, 1),
(3076, 6, '005', 16, 1),
(3077, 6, '005', 17, 1),
(3078, 6, '005', 18, 1),
(3079, 6, '005', 19, 1),
(3080, 6, '005', 20, 1),
(3081, 4, '175', 10, 0),
(3082, 4, '175', 15, 0),
(3083, 4, '175', 19, 0),
(3084, 4, '175', 1, 1),
(3085, 4, '175', 2, 1),
(3086, 4, '175', 3, 1),
(3087, 4, '175', 4, 1),
(3088, 4, '175', 5, 1),
(3089, 4, '175', 6, 1),
(3090, 4, '175', 7, 1),
(3091, 4, '175', 8, 1),
(3092, 4, '175', 9, 1),
(3093, 4, '175', 11, 1),
(3094, 4, '175', 12, 1),
(3095, 4, '175', 13, 1),
(3096, 4, '175', 14, 1),
(3097, 4, '175', 16, 1),
(3098, 4, '175', 17, 1),
(3099, 4, '175', 18, 1),
(3100, 4, '175', 20, 1),
(3101, 5, '001', 14, 0),
(3102, 5, '001', 19, 0),
(3103, 5, '001', 20, 0),
(3104, 5, '001', 1, 1),
(3105, 5, '001', 2, 1),
(3106, 5, '001', 3, 1),
(3107, 5, '001', 4, 1),
(3108, 5, '001', 5, 1),
(3109, 5, '001', 6, 1),
(3110, 5, '001', 7, 1),
(3111, 5, '001', 8, 1),
(3112, 5, '001', 9, 1),
(3113, 5, '001', 10, 1),
(3114, 5, '001', 11, 1),
(3115, 5, '001', 12, 1),
(3116, 5, '001', 13, 1),
(3117, 5, '001', 15, 1),
(3118, 5, '001', 16, 1),
(3119, 5, '001', 17, 1),
(3120, 5, '001', 18, 1),
(3121, 6, '182', 15, 0),
(3122, 6, '182', 19, 0),
(3123, 6, '182', 20, 0),
(3124, 6, '182', 1, 1),
(3125, 6, '182', 2, 1),
(3126, 6, '182', 3, 1),
(3127, 6, '182', 4, 1),
(3128, 6, '182', 5, 1),
(3129, 6, '182', 6, 1),
(3130, 6, '182', 7, 1),
(3131, 6, '182', 8, 1),
(3132, 6, '182', 9, 1),
(3133, 6, '182', 10, 1),
(3134, 6, '182', 11, 1),
(3135, 6, '182', 12, 1),
(3136, 6, '182', 13, 1),
(3137, 6, '182', 14, 1),
(3138, 6, '182', 16, 1),
(3139, 6, '182', 17, 1),
(3140, 6, '182', 18, 1),
(3141, 4, '157', 10, 0),
(3142, 4, '157', 13, 0),
(3143, 4, '157', 19, 0),
(3144, 4, '157', 1, 1),
(3145, 4, '157', 2, 1),
(3146, 4, '157', 3, 1),
(3147, 4, '157', 4, 1),
(3148, 4, '157', 5, 1),
(3149, 4, '157', 6, 1),
(3150, 4, '157', 7, 1),
(3151, 4, '157', 8, 1),
(3152, 4, '157', 9, 1),
(3153, 4, '157', 11, 1),
(3154, 4, '157', 12, 1),
(3155, 4, '157', 14, 1),
(3156, 4, '157', 15, 1),
(3157, 4, '157', 16, 1),
(3158, 4, '157', 17, 1),
(3159, 4, '157', 18, 1),
(3160, 4, '157', 20, 1),
(3161, 5, '007', 16, 0),
(3162, 5, '007', 18, 0),
(3163, 5, '007', 20, 0),
(3164, 5, '007', 1, 1),
(3165, 5, '007', 2, 1),
(3166, 5, '007', 3, 1),
(3167, 5, '007', 4, 1),
(3168, 5, '007', 5, 1),
(3169, 5, '007', 6, 1),
(3170, 5, '007', 7, 1),
(3171, 5, '007', 8, 1),
(3172, 5, '007', 9, 1),
(3173, 5, '007', 10, 1),
(3174, 5, '007', 11, 1),
(3175, 5, '007', 12, 1),
(3176, 5, '007', 13, 1),
(3177, 5, '007', 14, 1),
(3178, 5, '007', 15, 1),
(3179, 5, '007', 17, 1),
(3180, 5, '007', 19, 1),
(3181, 4, '129', 9, 0),
(3182, 4, '129', 15, 0),
(3183, 4, '129', 20, 0),
(3184, 4, '129', 1, 1),
(3185, 4, '129', 2, 1),
(3186, 4, '129', 3, 1),
(3187, 4, '129', 4, 1),
(3188, 4, '129', 5, 1),
(3189, 4, '129', 6, 1),
(3190, 4, '129', 7, 1),
(3191, 4, '129', 8, 1),
(3192, 4, '129', 10, 1),
(3193, 4, '129', 11, 1),
(3194, 4, '129', 12, 1),
(3195, 4, '129', 13, 1),
(3196, 4, '129', 14, 1),
(3197, 4, '129', 16, 1),
(3198, 4, '129', 17, 1),
(3199, 4, '129', 18, 1),
(3200, 4, '129', 19, 1),
(3201, 5, '009', 10, 0),
(3202, 5, '009', 19, 0),
(3203, 5, '009', 20, 0),
(3204, 5, '009', 1, 1),
(3205, 5, '009', 2, 1),
(3206, 5, '009', 3, 1),
(3207, 5, '009', 4, 1),
(3208, 5, '009', 5, 1),
(3209, 5, '009', 6, 1),
(3210, 5, '009', 7, 1),
(3211, 5, '009', 8, 1),
(3212, 5, '009', 9, 1),
(3213, 5, '009', 11, 1),
(3214, 5, '009', 12, 1),
(3215, 5, '009', 13, 1),
(3216, 5, '009', 14, 1),
(3217, 5, '009', 15, 1),
(3218, 5, '009', 16, 1),
(3219, 5, '009', 17, 1),
(3220, 5, '009', 18, 1),
(3221, 4, '031', 16, 0),
(3222, 4, '031', 17, 0),
(3223, 4, '031', 18, 0),
(3224, 4, '031', 1, 1),
(3225, 4, '031', 2, 1),
(3226, 4, '031', 3, 1),
(3227, 4, '031', 4, 1),
(3228, 4, '031', 5, 1),
(3229, 4, '031', 6, 1),
(3230, 4, '031', 7, 1),
(3231, 4, '031', 8, 1),
(3232, 4, '031', 9, 1),
(3233, 4, '031', 10, 1),
(3234, 4, '031', 11, 1),
(3235, 4, '031', 12, 1),
(3236, 4, '031', 13, 1),
(3237, 4, '031', 14, 1),
(3238, 4, '031', 15, 1),
(3239, 4, '031', 19, 1),
(3240, 4, '031', 20, 1),
(3241, 5, '089', 5, 0),
(3242, 5, '089', 9, 0),
(3243, 5, '089', 10, 0),
(3244, 5, '089', 1, 1),
(3245, 5, '089', 2, 1),
(3246, 5, '089', 3, 1),
(3247, 5, '089', 4, 1),
(3248, 5, '089', 6, 1),
(3249, 5, '089', 7, 1),
(3250, 5, '089', 8, 1),
(3251, 5, '089', 11, 1),
(3252, 5, '089', 12, 1),
(3253, 5, '089', 13, 1),
(3254, 5, '089', 14, 1),
(3255, 5, '089', 15, 1),
(3256, 5, '089', 16, 1),
(3257, 5, '089', 17, 1),
(3258, 5, '089', 18, 1),
(3259, 5, '089', 19, 1),
(3260, 5, '089', 20, 1),
(3261, 4, '109', 6, 0),
(3262, 4, '109', 11, 0),
(3263, 4, '109', 15, 0),
(3264, 4, '109', 1, 1),
(3265, 4, '109', 2, 1),
(3266, 4, '109', 3, 1),
(3267, 4, '109', 4, 1),
(3268, 4, '109', 5, 1),
(3269, 4, '109', 7, 1),
(3270, 4, '109', 8, 1),
(3271, 4, '109', 9, 1),
(3272, 4, '109', 10, 1),
(3273, 4, '109', 12, 1),
(3274, 4, '109', 13, 1),
(3275, 4, '109', 14, 1),
(3276, 4, '109', 16, 1),
(3277, 4, '109', 17, 1),
(3278, 4, '109', 18, 1),
(3279, 4, '109', 19, 1),
(3280, 4, '109', 20, 1),
(3281, 5, '086', 14, 0),
(3282, 5, '086', 15, 0),
(3283, 5, '086', 20, 0),
(3284, 5, '086', 1, 1),
(3285, 5, '086', 2, 1),
(3286, 5, '086', 3, 1),
(3287, 5, '086', 4, 1),
(3288, 5, '086', 5, 1),
(3289, 5, '086', 6, 1),
(3290, 5, '086', 7, 1),
(3291, 5, '086', 8, 1),
(3292, 5, '086', 9, 1),
(3293, 5, '086', 10, 1),
(3294, 5, '086', 11, 1),
(3295, 5, '086', 12, 1),
(3296, 5, '086', 13, 1),
(3297, 5, '086', 16, 1),
(3298, 5, '086', 17, 1),
(3299, 5, '086', 18, 1),
(3300, 5, '086', 19, 1);

-- --------------------------------------------------------

--
-- Table structure for table `sheet`
--

CREATE TABLE `sheet` (
  `s_id` int(11) NOT NULL,
  `s_no` varchar(255) NOT NULL
) ENGINE=InnoDB DEFAULT CHARSET=utf8mb3 COLLATE=utf8mb3_general_ci;

--
-- Dumping data for table `sheet`
--

INSERT INTO `sheet` (`s_id`, `s_no`) VALUES
(1, '001'),
(2, '002'),
(3, '003'),
(4, '004'),
(5, '005'),
(6, '006'),
(7, '007'),
(8, '008'),
(9, '009'),
(10, '010'),
(11, '011'),
(12, '012'),
(13, '013'),
(14, '014'),
(15, '015'),
(16, '016'),
(17, '017'),
(18, '018'),
(19, '019'),
(20, '020'),
(21, '021'),
(22, '022'),
(23, '023'),
(24, '024'),
(25, '025'),
(26, '026'),
(27, '027'),
(28, '028'),
(29, '029'),
(30, '030'),
(31, '031'),
(32, '032'),
(33, '033'),
(34, '034'),
(35, '035'),
(36, '036'),
(37, '037'),
(38, '038'),
(39, '039'),
(40, '040'),
(41, '041'),
(42, '042'),
(43, '043'),
(44, '044'),
(45, '045'),
(46, '046'),
(47, '047'),
(48, '048'),
(49, '049'),
(50, '050'),
(51, '051'),
(52, '052'),
(53, '053'),
(54, '054'),
(55, '055'),
(56, '056'),
(57, '057'),
(58, '058'),
(59, '059'),
(60, '060'),
(61, '061'),
(62, '062'),
(63, '063'),
(64, '064'),
(65, '065'),
(66, '066'),
(67, '067'),
(68, '068'),
(69, '069'),
(70, '070'),
(71, '071'),
(72, '072'),
(73, '073'),
(74, '074'),
(75, '075'),
(76, '076'),
(77, '077'),
(78, '078'),
(79, '079'),
(80, '080'),
(81, '081'),
(82, '082'),
(83, '083'),
(84, '084'),
(85, '085'),
(86, '086'),
(87, '087'),
(88, '088'),
(89, '089'),
(90, '090'),
(91, '091'),
(92, '092'),
(93, '093'),
(94, '094'),
(95, '095'),
(96, '096'),
(97, '097'),
(98, '098'),
(99, '099'),
(100, '100'),
(101, '101'),
(102, '102'),
(103, '103'),
(104, '104'),
(105, '105'),
(106, '106'),
(107, '107'),
(108, '108'),
(109, '109'),
(110, '110'),
(111, '111'),
(112, '112'),
(113, '113'),
(114, '114'),
(115, '115'),
(116, '116'),
(117, '117'),
(118, '118'),
(119, '119'),
(120, '120'),
(121, '121'),
(122, '122'),
(123, '123'),
(124, '124'),
(125, '125'),
(126, '126'),
(127, '127'),
(128, '128'),
(129, '129'),
(130, '130'),
(131, '131'),
(132, '132'),
(133, '133'),
(134, '134'),
(135, '135'),
(136, '136'),
(137, '137'),
(138, '138'),
(139, '139'),
(140, '140'),
(141, '141'),
(142, '142'),
(143, '143'),
(144, '144'),
(145, '145'),
(146, '146'),
(147, '147'),
(148, '148'),
(149, '149'),
(150, '150'),
(151, '151'),
(152, '152'),
(153, '153'),
(154, '154'),
(155, '155'),
(156, '156'),
(157, '157'),
(158, '158'),
(159, '159'),
(160, '160'),
(161, '161'),
(162, '162'),
(163, '163'),
(164, '164'),
(165, '165'),
(166, '166'),
(167, '167'),
(168, '168'),
(169, '169'),
(170, '170'),
(171, '171'),
(172, '172'),
(173, '173'),
(174, '174'),
(175, '175'),
(176, '176'),
(177, '177'),
(178, '178'),
(179, '179'),
(180, '180'),
(181, '181'),
(182, '182'),
(183, '183'),
(184, '184'),
(185, '185'),
(186, '186'),
(187, '187'),
(188, '188'),
(189, '189'),
(190, '190'),
(191, '191'),
(192, '192'),
(193, '193'),
(194, '194'),
(195, '195'),
(196, '196'),
(197, '197'),
(198, '198'),
(199, '199'),
(200, '200');

--
-- Indexes for dumped tables
--

--
-- Indexes for table `admin`
--
ALTER TABLE `admin`
  ADD PRIMARY KEY (`a_id`);

--
-- Indexes for table `member`
--
ALTER TABLE `member`
  ADD PRIMARY KEY (`m_id`);

--
-- Indexes for table `newcandidate`
--
ALTER TABLE `newcandidate`
  ADD PRIMARY KEY (`nc_id`);

--
-- Indexes for table `nscore`
--
ALTER TABLE `nscore`
  ADD PRIMARY KEY (`nsc_id`);

--
-- Indexes for table `sheet`
--
ALTER TABLE `sheet`
  ADD PRIMARY KEY (`s_id`);

--
-- AUTO_INCREMENT for dumped tables
--

--
-- AUTO_INCREMENT for table `admin`
--
ALTER TABLE `admin`
  MODIFY `a_id` int(11) NOT NULL AUTO_INCREMENT, AUTO_INCREMENT=2;

--
-- AUTO_INCREMENT for table `member`
--
ALTER TABLE `member`
  MODIFY `m_id` int(11) NOT NULL AUTO_INCREMENT, AUTO_INCREMENT=11;

--
-- AUTO_INCREMENT for table `newcandidate`
--
ALTER TABLE `newcandidate`
  MODIFY `nc_id` int(11) NOT NULL AUTO_INCREMENT, AUTO_INCREMENT=21;

--
-- AUTO_INCREMENT for table `nscore`
--
ALTER TABLE `nscore`
  MODIFY `nsc_id` int(11) NOT NULL AUTO_INCREMENT, AUTO_INCREMENT=3301;

--
-- AUTO_INCREMENT for table `sheet`
--
ALTER TABLE `sheet`
  MODIFY `s_id` int(11) NOT NULL AUTO_INCREMENT, AUTO_INCREMENT=201;
COMMIT;

/*!40101 SET CHARACTER_SET_CLIENT=@OLD_CHARACTER_SET_CLIENT */;
/*!40101 SET CHARACTER_SET_RESULTS=@OLD_CHARACTER_SET_RESULTS */;
/*!40101 SET COLLATION_CONNECTION=@OLD_COLLATION_CONNECTION */;
